categoria,estacao,preco,desconto,tendencia,margem,historico_vendas,unidades
Casaco,Primavera,35.68,20,0,0.4,1,16
Vestido,Verão,17.9,20,1,0.2,119,135
Saia,Inverno,13.23,10,0,0.22,10,9
Sweater,Outono,63.54,50,0,0.59,63,76
T-shirt,Inverno,88.86,0,0,0.3,24,27
Vestido,Verão,64.75,0,1,0.39,68,96
Calças,Verão,72.97,0,1,0.53,41,58
Sweater,Inverno,128.23,20,0,0.46,83,78
Saia,Outono,33.14,0,0,0.38,30,28
Vestido,Primavera,139.68,20,1,0.58,65,77
Sweater,Inverno,103.23,10,0,0.45,65,72
Sweater,Outono,15.66,20,0,0.4,50,70
Saia,Inverno,107.37,0,0,0.44,9,12
Vestido,Verão,133.27,10,0,0.25,79,67
Sweater,Outono,55.41,0,0,0.61,45,45
Sweater,Inverno,84.77,10,0,0.32,62,68
T-shirt,Inverno,60.91,50,1,0.31,12,24
T-shirt,Outono,95.34,10,0,0.33,44,36
Casaco,Verão,147.99,0,0,0.54,1,16
Casaco,Verão,98.69,10,0,0.58,23,16
Vestido,Verão,81.69,0,0,0.28,99,77
T-shirt,Outono,57.75,0,1,0.59,42,48
T-shirt,Inverno,84.15,0,0,0.6,13,23
Vestido,Outono,111.63,30,1,0.55,34,46
Vestido,Inverno,24.21,20,0,0.27,25,28
T-shirt,Inverno,109.71,0,0,0.54,24,22
T-shirt,Inverno,23.11,0,0,0.31,31,19
Vestido,Outono,121.27,10,0,0.42,16,33
Vestido,Inverno,100.37,0,1,0.63,16,22
Saia,Outono,144.91,30,0,0.37,21,22
T-shirt,Verão,141.06,20,0,0.24,102,92
T-shirt,Inverno,107.58,20,0,0.33,25,22
Saia,Inverno,81.59,10,1,0.49,12,13
Casaco,Verão,23.16,10,0,0.41,15,1
Sweater,Primavera,15.23,20,0,0.26,20,31
Saia,Outono,21.95,0,0,0.44,9,22
T-shirt,Inverno,47.92,10,0,0.21,28,26
Saia,Primavera,34.26,0,0,0.45,50,56
Saia,Outono,102.0,10,1,0.22,20,28
T-shirt,Verão,129.76,20,0,0.24,80,90
Sweater,Primavera,65.79,10,0,0.22,23,36
T-shirt,Inverno,102.22,0,0,0.49,19,17
Casaco,Verão,90.27,0,1,0.57,14,18
Vestido,Inverno,48.35,0,0,0.22,27,5
Saia,Verão,105.43,0,0,0.42,81,60
Casaco,Primavera,122.49,0,0,0.54,22,17
Calças,Primavera,118.7,0,1,0.59,53,57
T-shirt,Verão,136.36,10,1,0.34,110,106
Casaco,Outono,79.02,0,0,0.47,53,49
Saia,Verão,146.39,50,0,0.53,79,88
T-shirt,Primavera,127.39,10,0,0.38,72,49
Sweater,Outono,91.38,30,1,0.31,61,88
Casaco,Outono,77.43,0,1,0.31,37,58
Calças,Inverno,90.01,20,1,0.57,49,66
T-shirt,Outono,76.88,0,0,0.4,46,38
Saia,Inverno,83.88,50,0,0.45,31,18
Sweater,Outono,73.64,10,0,0.61,45,59
Casaco,Primavera,48.83,0,0,0.36,4,19
Casaco,Primavera,105.86,0,1,0.57,30,33
Calças,Verão,140.58,30,0,0.21,39,38
T-shirt,Verão,126.08,10,0,0.22,75,95
Saia,Verão,137.84,10,1,0.54,59,73
T-shirt,Outono,48.46,0,1,0.54,5,40
Vestido,Outono,53.09,20,1,0.24,28,60
Saia,Primavera,99.51,20,1,0.48,81,81
Vestido,Outono,136.58,0,0,0.55,37,27
Saia,Primavera,30.59,30,0,0.32,53,68
Saia,Verão,98.68,0,0,0.26,47,63
T-shirt,Outono,132.4,10,1,0.47,30,51
Calças,Primavera,14.45,10,0,0.36,57,49
Vestido,Primavera,22.92,10,0,0.43,59,70
Sweater,Verão,96.56,0,0,0.54,12,3
Sweater,Outono,84.5,0,0,0.44,47,43
Calças,Outono,55.09,0,0,0.25,75,58
Vestido,Primavera,79.78,0,0,0.46,68,59
T-shirt,Primavera,60.83,10,0,0.36,64,63
Sweater,Primavera,31.4,0,0,0.28,22,19
Saia,Inverno,149.62,30,0,0.61,7,12
Sweater,Outono,124.92,20,0,0.41,64,63
Casaco,Primavera,84.18,20,1,0.24,18,29
Vestido,Primavera,61.69,10,0,0.45,53,68
Saia,Primavera,116.43,10,0,0.39,52,51
Casaco,Outono,19.31,20,0,0.58,40,61
Sweater,Outono,33.0,20,0,0.44,54,69
Sweater,Inverno,74.78,0,1,0.43,63,88
Sweater,Primavera,136.91,10,0,0.62,21,19
Saia,Primavera,84.68,30,1,0.27,56,70
Sweater,Inverno,89.78,20,1,0.35,85,93
Saia,Inverno,30.99,0,1,0.52,14,25
Vestido,Outono,58.4,0,1,0.46,34,34
Casaco,Verão,92.07,10,0,0.21,12,15
Casaco,Primavera,139.15,20,0,0.46,34,17
T-shirt,Verão,137.5,0,0,0.27,72,80
Sweater,Outono,41.84,10,0,0.53,54,65
Vestido,Outono,68.03,30,1,0.41,31,48
Vestido,Inverno,137.78,0,0,0.27,21,7
Vestido,Verão,40.81,0,0,0.64,93,77
Saia,Inverno,80.31,10,0,0.54,7,10
Saia,Primavera,15.12,10,0,0.23,74,42
Casaco,Primavera,66.11,10,0,0.28,22,24
Calças,Outono,100.16,10,0,0.27,60,54
Vestido,Inverno,37.46,10,0,0.35,16,23
Calças,Outono,44.04,20,1,0.57,45,73
Calças,Outono,98.65,20,1,0.26,73,78
T-shirt,Outono,97.47,0,1,0.36,27,49
Sweater,Primavera,71.06,0,1,0.54,20,33
Sweater,Outono,121.98,10,0,0.32,53,59
Sweater,Verão,126.89,50,0,0.28,10,7
Sweater,Verão,87.58,20,1,0.29,9,17
Casaco,Primavera,103.11,0,1,0.39,13,21
Casaco,Verão,113.32,0,0,0.31,1,1
T-shirt,Outono,51.6,10,0,0.5,42,43
Casaco,Outono,46.72,10,0,0.42,67,51
Saia,Primavera,20.52,20,0,0.51,59,56
Saia,Inverno,107.26,0,0,0.36,7,12
Casaco,Verão,144.14,20,0,0.54,11,9
Calças,Primavera,100.53,20,0,0.5,31,61
Sweater,Outono,107.64,0,1,0.64,80,66
Vestido,Verão,83.14,10,0,0.36,97,83
Vestido,Inverno,71.74,10,0,0.56,27,22
T-shirt,Inverno,69.75,30,0,0.41,29,22
Vestido,Outono,11.33,0,0,0.22,14,32
T-shirt,Verão,22.84,0,0,0.53,54,77
Calças,Inverno,110.18,10,0,0.61,37,39
Casaco,Inverno,143.9,20,0,0.46,101,86
Sweater,Primavera,148.49,20,0,0.38,32,22
Sweater,Verão,16.57,0,0,0.63,14,15
T-shirt,Primavera,139.89,50,0,0.38,61,76
Vestido,Verão,97.21,20,0,0.6,78,76
Vestido,Inverno,76.73,0,1,0.22,14,19
Calças,Inverno,45.37,0,0,0.22,56,48
Vestido,Inverno,102.7,10,1,0.53,11,21
Vestido,Outono,32.46,0,0,0.62,15,29
Saia,Outono,144.58,10,1,0.2,30,29
Calças,Inverno,87.87,20,0,0.29,43,42
Calças,Inverno,11.27,20,0,0.33,45,54
Casaco,Inverno,35.13,20,1,0.28,97,118
Sweater,Primavera,18.11,0,1,0.65,39,27
Casaco,Primavera,63.71,0,1,0.37,22,14
Casaco,Primavera,24.31,30,0,0.57,21,27
Casaco,Verão,28.39,30,1,0.21,1,9
Calças,Inverno,111.42,20,0,0.59,48,61
Vestido,Inverno,32.29,0,0,0.27,11,14
Saia,Inverno,51.18,30,1,0.28,1,17
T-shirt,Verão,41.58,0,0,0.35,96,85
T-shirt,Inverno,75.04,20,0,0.64,30,25
Casaco,Verão,137.09,20,1,0.27,5,12
Sweater,Verão,39.45,0,1,0.62,14,12
Sweater,Primavera,125.43,0,0,0.64,26,22
Calças,Outono,103.85,50,0,0.6,66,76
T-shirt,Verão,140.93,30,0,0.55,110,94
Casaco,Verão,124.42,10,0,0.44,5,5
Saia,Outono,40.69,50,0,0.28,28,49
Calças,Verão,110.69,0,1,0.64,46,38
Saia,Verão,14.29,0,0,0.59,73,76
Casaco,Inverno,61.95,50,0,0.59,97,100
Casaco,Verão,93.68,20,0,0.65,1,1
Calças,Inverno,127.04,0,1,0.38,44,61
Calças,Outono,67.82,0,0,0.24,61,60
Casaco,Verão,23.34,20,0,0.38,11,10
Casaco,Inverno,65.53,0,0,0.6,72,54
Casaco,Verão,30.41,10,0,0.63,1,1
Vestido,Primavera,59.94,10,1,0.52,69,93
Vestido,Primavera,14.79,50,0,0.3,42,98
Saia,Primavera,22.4,0,0,0.51,68,51
Sweater,Verão,55.24,50,0,0.31,12,3
Sweater,Primavera,30.1,30,1,0.27,16,37
Sweater,Primavera,144.87,0,0,0.64,24,20
T-shirt,Inverno,25.84,20,1,0.47,28,33
T-shirt,Verão,58.8,0,0,0.34,104,81
Vestido,Inverno,101.07,20,1,0.4,14,25
Saia,Outono,62.59,0,0,0.35,36,38
Vestido,Inverno,86.79,10,0,0.4,1,15
Sweater,Verão,116.31,10,0,0.63,1,8
Casaco,Outono,65.21,10,1,0.52,53,75
Saia,Inverno,143.65,20,0,0.29,5,6
Casaco,Inverno,83.23,20,1,0.44,85,100
Calças,Primavera,146.74,20,0,0.26,55,53
T-shirt,Verão,35.93,30,0,0.24,107,96
Vestido,Primavera,94.23,20,1,0.3,46,102
Saia,Verão,136.0,0,0,0.55,59,63
Calças,Primavera,23.37,10,0,0.46,45,52
Saia,Primavera,34.98,0,0,0.29,64,44
T-shirt,Verão,29.85,0,0,0.5,99,81
Vestido,Outono,57.75,20,0,0.35,28,39
Saia,Primavera,93.41,10,0,0.35,68,53
Casaco,Primavera,19.79,10,0,0.47,19,9
Sweater,Verão,17.33,0,0,0.65,14,1
Calças,Inverno,144.63,10,1,0.28,55,57
Casaco,Primavera,52.12,50,0,0.37,23,32
T-shirt,Primavera,104.02,0,0,0.55,72,66
Casaco,Verão,18.84,0,0,0.35,1,3
T-shirt,Outono,125.54,0,1,0.59,35,50
Casaco,Primavera,64.75,10,0,0.44,24,34
Sweater,Verão,29.78,0,1,0.35,5,8
Sweater,Inverno,90.23,30,0,0.42,61,83
Sweater,Verão,34.48,10,0,0.27,12,10
Casaco,Primavera,141.1,30,0,0.58,15,18
Vestido,Outono,18.59,20,0,0.23,38,32
T-shirt,Outono,43.49,0,0,0.34,29,37
Casaco,Inverno,149.54,20,0,0.34,63,83
Saia,Inverno,66.67,20,0,0.44,6,1
Saia,Verão,44.8,0,0,0.56,64,66
Saia,Primavera,55.29,20,0,0.29,41,55
T-shirt,Inverno,100.45,10,0,0.27,13,21
Calças,Inverno,123.5,10,1,0.38,64,61
Calças,Inverno,20.7,0,1,0.31,56,68
Vestido,Verão,99.13,10,0,0.43,70,92
Saia,Inverno,15.83,0,1,0.23,1,20
Sweater,Inverno,58.96,20,0,0.28,64,77
Calças,Verão,21.57,10,1,0.55,33,48
T-shirt,Verão,76.96,30,0,0.26,88,97
Casaco,Verão,27.93,0,1,0.3,1,1
T-shirt,Verão,142.03,0,0,0.29,97,82
Sweater,Outono,133.1,0,0,0.49,43,48
Vestido,Inverno,86.3,50,1,0.22,16,18
Vestido,Verão,39.89,10,1,0.53,89,126
Sweater,Outono,31.22,0,0,0.59,59,48
T-shirt,Inverno,111.7,50,0,0.38,24,17
Sweater,Outono,96.1,20,0,0.44,62,62
Casaco,Primavera,11.54,20,1,0.51,21,35
Vestido,Primavera,27.46,0,0,0.55,63,56
Sweater,Inverno,34.97,0,0,0.28,76,70
Saia,Verão,111.28,0,0,0.52,75,56
Vestido,Outono,13.21,0,0,0.27,38,26
Vestido,Inverno,62.28,0,1,0.31,21,25
Sweater,Primavera,34.29,10,0,0.28,29,19
Calças,Verão,33.14,20,0,0.46,40,37
Saia,Inverno,122.37,10,0,0.26,7,21
T-shirt,Inverno,112.13,20,0,0.47,21,27
Casaco,Primavera,19.65,0,0,0.32,15,21
Sweater,Outono,72.96,20,0,0.42,46,55
T-shirt,Outono,58.63,30,0,0.5,54,47
Calças,Verão,68.63,0,1,0.64,28,45
T-shirt,Outono,53.22,30,1,0.28,26,65
T-shirt,Outono,105.73,10,1,0.3,48,50
T-shirt,Primavera,95.81,0,1,0.39,41,69
Calças,Verão,130.68,10,1,0.33,43,43
Vestido,Inverno,121.16,10,0,0.59,22,20
Saia,Outono,133.14,30,0,0.4,30,22
Casaco,Primavera,64.7,20,0,0.4,17,14
Vestido,Inverno,36.14,0,0,0.54,23,3
Sweater,Inverno,82.83,10,0,0.27,83,73
Vestido,Inverno,80.99,10,0,0.36,11,21
Sweater,Verão,145.49,30,0,0.53,9,11
Saia,Primavera,111.53,0,1,0.64,62,53
Vestido,Primavera,14.11,20,0,0.37,74,71
Sweater,Verão,25.5,20,1,0.61,4,8
Sweater,Outono,133.18,10,0,0.25,44,62
Calças,Primavera,113.55,0,0,0.4,56,46
Sweater,Outono,45.56,0,1,0.25,57,66
T-shirt,Inverno,20.17,0,0,0.59,12,16
T-shirt,Primavera,67.16,20,1,0.3,75,83
Vestido,Outono,33.67,0,0,0.3,25,19
Sweater,Outono,69.16,0,1,0.61,50,69
Vestido,Outono,115.55,20,0,0.63,41,26
Casaco,Outono,132.19,0,1,0.44,28,53
Vestido,Primavera,51.61,0,1,0.22,88,93
Sweater,Verão,134.92,0,0,0.31,11,6
Sweater,Verão,90.27,20,0,0.3,11,19
T-shirt,Inverno,131.6,0,1,0.21,13,20
Vestido,Verão,33.08,0,1,0.4,110,112
Casaco,Inverno,42.79,20,1,0.32,73,107
Sweater,Verão,134.81,0,0,0.47,10,1
T-shirt,Primavera,76.22,10,0,0.4,66,73
T-shirt,Verão,16.93,20,1,0.33,77,120
Calças,Outono,16.21,0,1,0.33,69,69
T-shirt,Outono,79.1,20,1,0.26,25,40
Casaco,Inverno,137.07,20,0,0.34,94,77
Calças,Verão,26.03,0,0,0.37,41,35
T-shirt,Inverno,21.23,0,1,0.5,30,14
Calças,Verão,99.05,30,0,0.59,44,39
Calças,Primavera,107.28,10,0,0.24,46,40
T-shirt,Verão,128.38,20,0,0.5,87,83
Casaco,Inverno,121.77,20,1,0.61,83,85
Calças,Outono,94.15,20,0,0.37,39,54
T-shirt,Primavera,142.53,0,0,0.37,54,45
Vestido,Primavera,24.18,20,0,0.58,63,75
T-shirt,Primavera,146.08,0,1,0.44,48,61
Vestido,Inverno,67.98,0,0,0.27,15,13
Saia,Verão,62.47,10,0,0.65,73,60
Sweater,Inverno,14.33,50,1,0.64,66,117
Saia,Outono,127.4,0,1,0.52,38,28
Saia,Inverno,126.3,10,0,0.46,15,7
Casaco,Outono,119.53,20,0,0.35,77,56
Casaco,Primavera,76.58,10,0,0.63,26,31
Casaco,Verão,28.29,20,0,0.56,7,2
Casaco,Inverno,115.65,10,0,0.42,65,85
Vestido,Outono,138.62,0,1,0.6,49,24
Casaco,Outono,143.85,0,0,0.58,58,23
Sweater,Primavera,139.69,0,0,0.51,23,21
Sweater,Primavera,60.22,20,0,0.29,36,31
Sweater,Outono,16.18,0,0,0.23,46,58
Vestido,Verão,24.62,0,1,0.33,113,112
Saia,Primavera,107.69,0,0,0.59,58,34
Calças,Verão,109.42,20,0,0.59,33,36
Vestido,Verão,55.01,10,0,0.49,89,93
T-shirt,Primavera,27.21,30,0,0.4,57,71
Calças,Verão,74.84,0,0,0.33,37,43
Sweater,Verão,28.74,10,0,0.54,9,9
Calças,Verão,48.66,20,0,0.58,35,37
Saia,Inverno,24.26,0,0,0.58,11,10
Saia,Outono,137.39,0,1,0.24,6,24
Vestido,Primavera,108.54,0,0,0.52,76,60
Sweater,Primavera,24.75,20,0,0.22,23,31
T-shirt,Outono,74.08,0,0,0.37,27,43
Saia,Inverno,129.05,0,0,0.41,17,1
Saia,Primavera,51.34,0,0,0.53,39,58
Sweater,Verão,91.08,0,0,0.5,12,16
Saia,Verão,12.06,0,0,0.21,55,49
Sweater,Primavera,136.85,0,1,0.59,27,23
Casaco,Inverno,118.21,10,1,0.26,66,98
Calças,Primavera,47.18,0,0,0.55,43,36
Vestido,Primavera,100.5,50,1,0.21,90,116
Saia,Verão,31.33,30,1,0.62,67,96
Casaco,Verão,91.51,50,0,0.44,17,27
Sweater,Primavera,38.7,20,0,0.6,22,21
Saia,Primavera,83.82,30,0,0.49,62,64
Sweater,Inverno,85.43,0,0,0.51,81,65
Sweater,Primavera,144.11,10,0,0.43,26,20
Sweater,Verão,74.35,10,0,0.22,1,7
Vestido,Inverno,128.11,50,1,0.58,1,23
T-shirt,Verão,93.1,0,0,0.64,79,73
Saia,Verão,76.77,20,0,0.49,77,65
Sweater,Primavera,79.85,0,0,0.36,34,17
Calças,Inverno,34.9,10,1,0.31,48,62
Saia,Verão,136.19,0,1,0.63,45,83
Vestido,Inverno,22.7,0,0,0.4,25,1
Calças,Inverno,128.62,30,1,0.64,41,66
Saia,Verão,143.88,0,0,0.3,71,70
Saia,Outono,55.69,20,0,0.39,27,34
Sweater,Inverno,125.24,30,0,0.29,70,73
Sweater,Inverno,99.05,0,0,0.6,69,67
Casaco,Outono,82.19,10,0,0.33,74,40
T-shirt,Primavera,92.66,0,0,0.53,58,49
Sweater,Outono,36.76,0,1,0.49,61,77
Sweater,Verão,124.52,0,0,0.26,13,5
Sweater,Primavera,30.94,0,0,0.54,19,13
T-shirt,Outono,97.98,10,0,0.63,43,30
T-shirt,Primavera,109.19,0,1,0.4,47,66
Calças,Outono,129.07,0,0,0.22,49,41
Saia,Outono,26.64,20,0,0.4,24,13
Casaco,Inverno,64.21,30,0,0.55,69,96
Calças,Primavera,23.65,10,0,0.52,36,55
Saia,Outono,77.52,0,1,0.52,34,26
T-shirt,Inverno,104.8,10,0,0.57,18,15
Vestido,Verão,126.6,30,0,0.5,48,89
Vestido,Primavera,59.41,10,0,0.53,61,53
Vestido,Verão,56.54,0,0,0.63,101,87
Sweater,Outono,68.57,20,0,0.33,55,63
Calças,Verão,82.62,0,1,0.25,43,52
T-shirt,Primavera,58.51,0,0,0.29,52,48
Calças,Verão,145.6,10,0,0.23,45,36
Casaco,Outono,97.31,10,0,0.21,74,48
T-shirt,Inverno,95.4,0,0,0.47,27,20
Vestido,Inverno,92.26,20,0,0.38,1,18
Casaco,Outono,144.06,0,1,0.28,59,59
Vestido,Inverno,114.77,30,0,0.32,31,29
T-shirt,Primavera,43.88,20,0,0.29,65,62
Saia,Outono,44.66,0,0,0.53,21,23
Calças,Verão,122.71,20,1,0.44,42,53
Vestido,Verão,50.81,20,0,0.29,105,92
T-shirt,Verão,130.38,0,1,0.39,114,103
Casaco,Verão,100.91,30,0,0.57,5,9
Casaco,Verão,80.37,0,0,0.62,3,17
Calças,Primavera,46.43,0,0,0.23,46,49
Saia,Outono,105.92,0,0,0.34,46,33
Saia,Primavera,59.53,20,1,0.34,65,76
Calças,Primavera,80.79,30,1,0.25,48,84
Sweater,Primavera,130.23,20,1,0.59,40,26
Saia,Outono,104.31,0,0,0.3,28,28
Calças,Verão,32.59,0,0,0.27,43,32
Casaco,Outono,41.13,10,0,0.31,31,49
Sweater,Inverno,90.07,50,0,0.54,83,103
Calças,Primavera,38.51,0,0,0.46,38,46
Saia,Inverno,140.64,10,1,0.43,14,19
Calças,Primavera,143.2,20,0,0.59,59,47
Vestido,Inverno,110.05,30,1,0.51,27,20
T-shirt,Outono,27.83,0,0,0.43,43,22
Vestido,Primavera,67.36,10,0,0.33,59,63
T-shirt,Inverno,145.53,0,0,0.23,16,24
Saia,Outono,16.0,10,0,0.53,18,34
Casaco,Inverno,16.34,0,1,0.37,89,105
Casaco,Verão,118.19,10,0,0.54,16,15
Calças,Inverno,29.65,20,0,0.53,42,52
Saia,Verão,137.15,20,0,0.49,99,79
Calças,Inverno,76.35,20,0,0.29,40,49
Sweater,Verão,137.1,10,0,0.23,17,8
Calças,Verão,121.47,0,0,0.32,40,39
Saia,Inverno,36.73,20,0,0.47,17,15
Casaco,Inverno,116.52,0,0,0.51,70,64
Sweater,Verão,68.13,30,1,0.48,9,20
Sweater,Outono,81.99,20,0,0.5,52,63
Saia,Inverno,145.42,20,1,0.62,32,6
Saia,Primavera,28.21,0,0,0.55,65,42
Vestido,Verão,12.01,20,0,0.54,69,100
Vestido,Outono,97.45,30,0,0.46,33,45
Calças,Primavera,64.49,0,0,0.62,62,34
Vestido,Primavera,149.39,50,0,0.56,71,84
Vestido,Primavera,104.47,20,0,0.62,77,69
T-shirt,Primavera,19.77,10,1,0.56,47,87
Sweater,Verão,18.48,20,0,0.28,21,10
Sweater,Outono,99.46,50,1,0.46,66,92
Vestido,Inverno,23.29,10,1,0.23,14,25
Sweater,Verão,93.55,10,1,0.51,10,12
T-shirt,Outono,38.08,0,0,0.47,39,31
Saia,Outono,65.43,20,1,0.34,22,42
Calças,Verão,76.49,0,1,0.23,40,47
T-shirt,Inverno,26.02,0,0,0.29,18,25
Casaco,Primavera,52.35,50,0,0.6,18,23
Vestido,Inverno,96.41,0,0,0.55,14,11
T-shirt,Outono,147.79,0,1,0.33,33,35
Calças,Outono,148.85,20,0,0.22,53,56
Casaco,Verão,37.32,10,1,0.42,6,19
Vestido,Inverno,66.95,0,0,0.54,14,3
T-shirt,Inverno,78.55,10,0,0.45,12,20
Sweater,Inverno,35.94,0,0,0.28,89,72
Sweater,Primavera,119.99,0,1,0.6,26,34
Saia,Verão,148.39,0,0,0.43,83,62
Saia,Outono,94.04,0,0,0.3,10,22
Calças,Inverno,138.9,0,0,0.29,43,45
T-shirt,Inverno,116.48,0,0,0.39,29,15
Saia,Outono,14.26,0,0,0.43,26,30
Saia,Outono,97.69,0,1,0.62,36,33
T-shirt,Inverno,16.95,20,0,0.47,14,14
Calças,Verão,17.77,10,0,0.29,42,43
Sweater,Verão,19.26,0,1,0.44,7,5
T-shirt,Primavera,144.61,20,1,0.32,54,80
Calças,Verão,142.6,30,1,0.32,41,58
Casaco,Verão,121.23,0,0,0.34,14,9
Calças,Inverno,37.79,0,0,0.52,40,34
Calças,Outono,44.53,10,0,0.54,67,56
Saia,Outono,115.99,0,0,0.3,12,9
Calças,Inverno,116.05,0,0,0.25,49,44
Saia,Primavera,130.84,20,0,0.42,47,54
Sweater,Inverno,112.74,10,0,0.38,69,68
Saia,Inverno,132.22,10,0,0.38,17,5
Calças,Primavera,20.59,0,0,0.46,44,47
Casaco,Outono,102.22,10,0,0.28,59,52
Sweater,Inverno,147.7,0,1,0.39,66,88
Saia,Outono,90.42,0,0,0.6,23,23
T-shirt,Primavera,88.02,0,1,0.36,63,70
Saia,Outono,125.31,0,0,0.34,33,35
Calças,Outono,76.58,10,0,0.5,78,57
Saia,Outono,68.47,0,0,0.62,25,17
Casaco,Outono,66.45,20,1,0.48,47,68
Casaco,Primavera,84.43,10,0,0.3,14,19
Sweater,Inverno,68.69,0,1,0.45,75,85
T-shirt,Outono,40.86,30,1,0.61,33,64
Calças,Verão,84.38,20,0,0.53,47,40
Sweater,Inverno,128.25,10,0,0.61,65,70
T-shirt,Primavera,136.22,0,1,0.45,77,72
Casaco,Primavera,111.97,0,0,0.56,35,15
Vestido,Primavera,148.65,0,0,0.5,80,47
Saia,Outono,79.57,30,1,0.26,37,34
Calças,Primavera,106.66,0,1,0.22,38,54
Vestido,Outono,126.22,30,0,0.32,25,32
Vestido,Primavera,112.36,30,1,0.34,51,103
Casaco,Outono,10.88,0,0,0.45,62,45
Casaco,Inverno,67.47,0,0,0.34,58,76
Sweater,Verão,102.79,30,1,0.53,12,22
Saia,Verão,39.2,0,1,0.45,69,69
Calças,Primavera,125.83,10,0,0.56,36,37
T-shirt,Outono,25.56,10,1,0.56,25,48
Saia,Inverno,101.89,10,0,0.22,11,6
Casaco,Outono,33.67,0,1,0.43,44,49
Calças,Inverno,103.15,10,0,0.21,44,46
Saia,Inverno,94.45,10,0,0.41,14,2
Saia,Verão,120.8,10,0,0.23,68,66
T-shirt,Primavera,102.56,20,0,0.49,54,55
Vestido,Primavera,149.57,0,0,0.39,57,53
T-shirt,Verão,127.88,10,1,0.5,116,105
T-shirt,Verão,65.7,20,0,0.27,73,83
Saia,Verão,27.85,20,1,0.27,68,102
Saia,Inverno,96.03,10,0,0.54,6,12
Vestido,Verão,71.93,0,0,0.61,98,49
Saia,Primavera,135.2,10,0,0.33,56,52
Sweater,Outono,124.14,30,1,0.6,58,83
Calças,Primavera,148.44,0,0,0.42,40,41
Sweater,Verão,19.21,30,0,0.34,9,1
Casaco,Verão,92.92,20,0,0.53,12,3
Casaco,Primavera,122.57,10,1,0.24,32,30
Casaco,Inverno,78.89,20,0,0.3,66,85
Vestido,Primavera,85.79,0,0,0.25,58,64
Calças,Verão,124.81,0,0,0.51,40,25
T-shirt,Outono,123.39,10,1,0.36,32,45
Calças,Verão,87.91,0,1,0.21,30,51
Sweater,Inverno,65.43,20,0,0.39,88,79
Casaco,Outono,145.71,0,0,0.35,59,39
T-shirt,Outono,73.24,0,0,0.25,34,28
Saia,Inverno,74.04,0,0,0.39,8,6
Calças,Verão,46.75,10,0,0.59,38,33
Casaco,Primavera,96.8,20,0,0.22,11,12
Casaco,Outono,104.97,10,0,0.28,74,56
Casaco,Primavera,21.29,30,1,0.46,22,23
Casaco,Inverno,126.01,20,0,0.62,69,69
Sweater,Outono,82.28,10,1,0.5,55,69
Calças,Inverno,13.38,0,0,0.29,51,50
Casaco,Outono,37.56,10,0,0.32,54,61
T-shirt,Primavera,67.98,50,0,0.47,59,88
Saia,Verão,18.34,10,1,0.44,55,89
Saia,Outono,32.87,0,0,0.37,21,5
Vestido,Outono,63.59,20,0,0.43,24,25
Saia,Outono,132.92,10,1,0.22,37,35
T-shirt,Verão,142.44,20,0,0.23,63,88
T-shirt,Outono,148.53,20,1,0.26,31,49
Casaco,Outono,103.86,10,0,0.42,53,55
Sweater,Primavera,43.17,0,0,0.56,18,34
Casaco,Outono,71.19,10,0,0.58,51,51
Saia,Inverno,78.58,10,1,0.48,12,8
Casaco,Inverno,112.42,0,0,0.23,62,83
Sweater,Primavera,96.61,10,0,0.48,31,32
Calças,Inverno,27.86,10,0,0.34,60,61
Saia,Outono,58.98,0,0,0.29,18,27
Calças,Inverno,88.95,0,0,0.46,61,52
Saia,Primavera,28.65,0,0,0.47,39,49
Sweater,Verão,13.35,10,1,0.28,11,9
T-shirt,Inverno,67.03,10,1,0.29,16,31
T-shirt,Inverno,93.57,20,0,0.54,14,21
Calças,Inverno,37.81,0,0,0.45,63,41
Vestido,Outono,111.23,20,1,0.46,34,25
Casaco,Outono,130.89,0,0,0.32,65,51
Saia,Inverno,123.08,30,1,0.21,7,11
Vestido,Inverno,54.76,0,0,0.2,1,4
Casaco,Inverno,15.64,10,0,0.62,71,69
Saia,Outono,31.19,0,0,0.22,20,27
Casaco,Verão,111.66,0,0,0.29,1,19
Casaco,Outono,83.28,30,1,0.57,72,70
Sweater,Primavera,102.08,10,0,0.55,34,21
Calças,Inverno,94.0,10,0,0.62,55,50
Sweater,Inverno,23.65,30,0,0.22,76,87
Sweater,Verão,18.92,0,0,0.4,1,12
Vestido,Inverno,131.98,0,1,0.56,11,16
Sweater,Inverno,97.5,10,0,0.59,91,70
T-shirt,Outono,127.1,10,0,0.52,34,48
Saia,Inverno,126.14,20,0,0.58,2,18
T-shirt,Inverno,111.55,0,0,0.6,15,16
Casaco,Outono,47.88,0,1,0.33,53,62
Sweater,Inverno,86.2,50,0,0.36,52,98
Saia,Outono,80.77,10,0,0.64,23,18
Sweater,Primavera,75.52,10,1,0.6,24,31
Calças,Outono,115.3,10,0,0.47,73,52
Vestido,Primavera,89.91,10,1,0.25,54,85
Calças,Outono,115.4,20,1,0.53,41,71
Saia,Verão,20.22,20,1,0.31,85,92
T-shirt,Primavera,21.36,10,1,0.51,71,79
Sweater,Outono,14.44,10,0,0.56,44,61
Calças,Primavera,134.11,0,1,0.32,48,58
Calças,Outono,27.06,0,1,0.23,60,68
Sweater,Outono,18.6,0,0,0.4,78,63
Calças,Verão,127.6,0,1,0.65,41,44
Sweater,Outono,98.89,0,0,0.61,51,55
Saia,Primavera,143.76,0,1,0.28,64,58
T-shirt,Inverno,140.87,30,1,0.6,9,18
Sweater,Primavera,65.06,10,0,0.51,21,13
Sweater,Verão,113.53,10,0,0.45,1,1
Calças,Primavera,143.79,50,0,0.22,45,61
Saia,Verão,116.89,0,1,0.37,89,69
Saia,Verão,73.04,10,1,0.57,92,91
Sweater,Outono,96.68,20,0,0.45,55,60
Calças,Outono,99.99,10,0,0.36,63,46
Calças,Verão,35.22,0,1,0.35,41,47
Saia,Inverno,43.71,0,0,0.27,8,7
Sweater,Inverno,53.08,30,0,0.63,65,90
Saia,Inverno,21.33,30,1,0.34,12,13
Saia,Outono,10.54,10,0,0.46,19,11
Casaco,Primavera,132.17,0,0,0.51,26,19
Vestido,Verão,138.41,10,0,0.39,85,82
Calças,Outono,148.01,20,0,0.35,54,53
Sweater,Inverno,64.25,10,0,0.48,67,75
Calças,Verão,93.5,10,0,0.37,17,39
Calças,Verão,122.78,0,1,0.44,49,50
Saia,Inverno,70.03,0,0,0.36,1,5
Calças,Inverno,129.98,30,0,0.52,48,48
Casaco,Primavera,82.19,10,0,0.25,10,25
Vestido,Verão,38.98,30,0,0.36,100,97
Saia,Outono,120.46,0,0,0.33,30,25
Sweater,Inverno,140.0,20,0,0.32,90,77
T-shirt,Primavera,120.86,20,0,0.23,57,67
T-shirt,Inverno,91.58,0,0,0.52,15,4
T-shirt,Outono,44.83,10,0,0.26,40,45
Casaco,Primavera,63.98,10,1,0.54,20,30
T-shirt,Primavera,111.46,20,1,0.34,66,78
Vestido,Verão,104.19,0,0,0.33,97,74
Casaco,Primavera,73.95,20,0,0.31,24,21
T-shirt,Outono,120.87,10,0,0.37,49,38
Calças,Verão,24.08,0,0,0.59,29,41
Saia,Verão,61.35,0,1,0.63,88,87
T-shirt,Inverno,128.75,20,0,0.29,10,17
Calças,Primavera,86.63,0,0,0.34,37,43
Casaco,Verão,12.24,50,0,0.47,11,14
Casaco,Inverno,14.93,20,1,0.27,86,106
T-shirt,Primavera,54.27,20,0,0.5,63,55
Casaco,Primavera,62.22,0,0,0.62,11,14
T-shirt,Outono,128.62,0,1,0.35,52,47
Calças,Primavera,11.23,0,0,0.22,60,44
Casaco,Inverno,26.9,50,0,0.4,95,101
T-shirt,Inverno,139.31,50,0,0.31,7,19
Calças,Inverno,143.64,30,0,0.35,51,47
T-shirt,Primavera,129.07,20,0,0.49,51,73
Saia,Verão,113.93,0,0,0.33,65,52
Vestido,Outono,131.18,10,0,0.21,33,15
Calças,Primavera,106.84,20,0,0.37,62,39
T-shirt,Inverno,60.36,10,1,0.4,22,13
Vestido,Verão,106.48,30,1,0.39,65,115
Sweater,Primavera,18.71,20,0,0.38,27,33
Saia,Verão,34.59,10,1,0.64,69,82
Calças,Inverno,77.93,0,1,0.41,56,55
Sweater,Primavera,117.22,0,0,0.21,25,21
Vestido,Outono,50.64,10,0,0.47,31,16
T-shirt,Primavera,119.93,10,1,0.23,73,70
T-shirt,Inverno,46.78,10,0,0.63,28,30
Calças,Primavera,64.92,10,1,0.36,38,66
Sweater,Outono,46.22,0,1,0.48,77,80
Calças,Verão,141.93,20,0,0.44,39,42
Calças,Primavera,143.82,0,1,0.24,35,51
Saia,Verão,22.68,20,0,0.58,80,75
Vestido,Verão,121.53,0,1,0.28,90,92
Sweater,Outono,81.55,10,1,0.46,72,68
Casaco,Inverno,91.63,20,0,0.24,86,83
Sweater,Inverno,145.34,50,0,0.36,89,96
Casaco,Verão,83.65,20,0,0.53,6,6
T-shirt,Outono,54.19,10,0,0.29,35,42
Calças,Outono,90.72,50,0,0.51,56,70
Calças,Verão,78.89,50,0,0.38,41,58
Vestido,Outono,28.73,50,0,0.29,35,59
Casaco,Verão,50.56,0,0,0.39,6,1
Sweater,Inverno,132.02,10,0,0.34,75,65
T-shirt,Inverno,22.81,20,0,0.49,21,14
Calças,Primavera,118.88,0,0,0.59,55,53
Calças,Primavera,65.55,10,0,0.2,54,52
Saia,Inverno,86.56,20,0,0.21,13,9
Casaco,Primavera,17.38,10,0,0.33,15,14
Sweater,Verão,52.25,30,0,0.4,17,12
T-shirt,Verão,122.95,0,1,0.24,92,101
Calças,Outono,106.83,20,0,0.25,45,61
T-shirt,Inverno,24.94,10,1,0.57,18,21
Sweater,Primavera,142.02,10,1,0.52,14,31
Saia,Verão,57.73,50,0,0.33,91,98
Sweater,Verão,13.03,0,0,0.6,1,9
T-shirt,Primavera,115.25,10,0,0.24,55,59
T-shirt,Verão,74.91,20,1,0.32,83,121
T-shirt,Outono,76.9,0,0,0.5,37,27
Sweater,Outono,101.77,0,0,0.59,61,38
Saia,Verão,103.91,20,0,0.39,78,76
Saia,Outono,36.95,0,1,0.57,11,21
T-shirt,Outono,105.73,20,1,0.59,37,48
T-shirt,Inverno,27.48,10,0,0.29,12,21
Vestido,Inverno,145.32,10,0,0.58,23,16
Calças,Inverno,49.73,20,0,0.54,53,49
T-shirt,Verão,56.0,10,0,0.55,78,89
Sweater,Primavera,79.61,50,0,0.21,27,30
Vestido,Inverno,42.95,10,1,0.3,12,31
Vestido,Primavera,45.47,30,0,0.36,90,84
Saia,Outono,33.16,0,1,0.61,18,36
Casaco,Outono,133.02,0,1,0.29,60,50
Saia,Inverno,36.63,10,0,0.23,18,1
Calças,Outono,121.38,0,0,0.49,54,39
Sweater,Verão,104.8,20,0,0.32,13,10
Vestido,Primavera,69.47,0,0,0.2,58,69
Calças,Outono,134.19,0,0,0.59,60,29
Sweater,Outono,20.96,10,0,0.4,70,74
Calças,Primavera,48.0,0,0,0.36,49,51
Casaco,Verão,74.08,0,1,0.62,10,12
Sweater,Primavera,91.14,30,0,0.2,27,25
T-shirt,Inverno,43.15,0,1,0.48,21,22
T-shirt,Verão,83.04,0,1,0.29,77,97
Vestido,Verão,82.04,20,1,0.26,78,118
Calças,Inverno,79.54,20,0,0.52,53,46
Saia,Verão,19.9,0,0,0.65,66,72
Vestido,Inverno,93.36,30,0,0.47,5,13
Casaco,Verão,100.12,0,0,0.36,15,11
T-shirt,Outono,129.22,30,0,0.54,24,53
Calças,Verão,115.08,20,0,0.6,35,39
Casaco,Inverno,43.14,10,1,0.39,73,105
T-shirt,Outono,108.16,0,1,0.52,32,41
Calças,Primavera,131.65,30,0,0.47,51,54
Sweater,Primavera,45.05,20,0,0.42,35,29
Calças,Primavera,97.21,10,1,0.3,45,59
Vestido,Verão,68.65,10,0,0.64,98,68
Vestido,Verão,145.22,0,0,0.31,100,81
Saia,Verão,24.06,10,0,0.38,61,71
Calças,Verão,128.39,10,0,0.29,43,36
Vestido,Verão,47.64,50,1,0.38,117,144
T-shirt,Primavera,97.16,0,0,0.55,73,51
Sweater,Outono,118.06,10,1,0.61,43,69
Sweater,Outono,129.02,0,1,0.22,63,73
Sweater,Verão,12.38,50,0,0.26,11,14
Saia,Primavera,57.83,50,1,0.52,56,87
T-shirt,Inverno,39.43,0,1,0.44,27,16
T-shirt,Outono,100.03,20,0,0.32,32,35
Casaco,Outono,38.91,20,1,0.43,54,78
Saia,Primavera,10.09,50,1,0.54,35,84
Calças,Primavera,144.52,30,0,0.24,50,50
Calças,Primavera,63.91,10,0,0.33,48,44
Saia,Verão,91.38,0,0,0.41,68,45
Sweater,Outono,121.56,0,1,0.35,59,72
Saia,Verão,90.19,0,1,0.42,61,74
Saia,Outono,52.71,0,0,0.34,23,9
Sweater,Inverno,51.79,20,0,0.33,52,79
T-shirt,Verão,20.73,20,0,0.42,81,99
Saia,Verão,91.68,10,1,0.51,56,90
Vestido,Outono,49.45,0,0,0.31,26,19
Vestido,Primavera,55.01,0,0,0.61,64,60
Sweater,Verão,83.93,0,0,0.37,13,14
Sweater,Outono,26.12,10,0,0.29,67,58
Casaco,Outono,99.37,20,0,0.58,59,55
Saia,Outono,119.64,0,0,0.42,27,25
Casaco,Outono,17.05,0,0,0.21,56,57
Sweater,Primavera,31.67,0,0,0.37,6,19
Vestido,Outono,17.83,0,0,0.48,23,37
Sweater,Verão,88.62,0,0,0.34,8,7
Casaco,Verão,13.08,20,1,0.33,11,8
Sweater,Verão,149.98,0,0,0.26,12,13
Calças,Outono,117.42,30,0,0.34,67,63
Saia,Inverno,44.09,30,0,0.32,7,11
Saia,Verão,60.63,10,1,0.37,52,80
T-shirt,Outono,79.06,0,0,0.37,46,30
Vestido,Outono,135.16,30,0,0.44,39,44
Saia,Verão,11.48,0,0,0.6,56,60
Casaco,Outono,15.21,30,0,0.65,81,48
Saia,Primavera,74.69,30,0,0.59,60,69
Saia,Primavera,126.98,50,1,0.48,59,89
Saia,Outono,81.24,0,0,0.4,21,15
Calças,Verão,52.41,20,1,0.52,43,57
Sweater,Outono,108.3,0,0,0.52,39,49
Sweater,Primavera,62.67,0,0,0.56,35,24
Saia,Primavera,57.91,0,0,0.34,53,57
Saia,Primavera,20.74,10,0,0.5,56,58
T-shirt,Primavera,147.05,0,0,0.39,46,41
Sweater,Inverno,136.04,20,0,0.5,83,76
Sweater,Primavera,147.2,10,1,0.2,25,27
Calças,Verão,145.58,10,0,0.63,43,31
T-shirt,Verão,75.77,10,0,0.36,84,87
Casaco,Primavera,57.37,30,1,0.29,21,32
Calças,Outono,24.87,0,0,0.49,66,61
Sweater,Primavera,47.26,20,0,0.49,22,28
Casaco,Inverno,88.6,20,0,0.61,89,82
Calças,Inverno,144.43,20,0,0.21,54,46
Casaco,Inverno,129.92,0,0,0.39,76,68
Sweater,Verão,134.24,0,0,0.46,3,14
T-shirt,Inverno,79.01,0,1,0.31,21,19
Casaco,Primavera,63.01,50,1,0.52,28,23
Sweater,Outono,30.16,50,0,0.39,50,80
Calças,Primavera,14.6,10,0,0.23,59,49
T-shirt,Inverno,106.75,30,1,0.42,19,32
Sweater,Outono,142.52,20,0,0.4,81,64
Casaco,Primavera,97.08,10,1,0.53,11,10
Sweater,Inverno,78.79,50,0,0.39,73,100
Sweater,Outono,40.48,50,0,0.37,49,75
Sweater,Outono,21.21,10,0,0.24,70,65
Vestido,Verão,139.24,0,1,0.21,71,100
Calças,Outono,147.31,0,0,0.3,60,51
Saia,Primavera,87.65,30,1,0.2,50,68
Saia,Outono,74.39,10,0,0.56,30,11
T-shirt,Primavera,88.28,10,0,0.4,73,63
Casaco,Outono,116.54,20,0,0.22,53,53
Sweater,Primavera,36.59,20,0,0.5,24,34
T-shirt,Verão,33.72,10,1,0.57,75,108
Vestido,Primavera,102.7,30,1,0.43,79,88
Saia,Verão,44.98,0,0,0.51,53,58
Sweater,Inverno,45.28,30,0,0.44,85,85
T-shirt,Verão,26.34,0,0,0.62,83,83
Saia,Primavera,15.09,0,1,0.29,66,68
Sweater,Primavera,101.26,20,1,0.64,21,27
Calças,Outono,71.34,20,0,0.62,66,53
Saia,Primavera,66.99,20,0,0.47,60,52
Saia,Inverno,111.41,0,1,0.39,1,1
Calças,Inverno,91.98,10,0,0.23,43,52
Vestido,Verão,64.33,20,0,0.23,115,93
Sweater,Primavera,100.49,30,0,0.57,29,39
Sweater,Verão,16.08,0,1,0.54,24,21
Sweater,Outono,51.64,20,0,0.56,59,59
Calças,Inverno,110.74,0,0,0.37,42,35
Sweater,Primavera,121.79,0,0,0.3,5,18
Calças,Inverno,28.26,0,0,0.52,58,42
Vestido,Primavera,134.44,20,0,0.46,80,67
Calças,Verão,76.37,0,0,0.39,40,40
Saia,Verão,134.39,10,0,0.54,88,66
Calças,Primavera,133.51,10,1,0.65,55,51
Casaco,Primavera,34.58,0,1,0.41,29,35
Saia,Outono,146.15,10,0,0.43,18,14
Saia,Inverno,122.94,0,0,0.56,1,8
T-shirt,Outono,87.33,10,0,0.38,31,46
Calças,Verão,27.49,0,0,0.32,46,44
Vestido,Primavera,70.66,20,1,0.39,74,86
Sweater,Outono,11.8,20,0,0.26,51,77
Calças,Verão,146.53,50,0,0.56,37,41
Saia,Inverno,140.42,0,0,0.61,8,1
Vestido,Outono,32.32,50,1,0.28,20,36
Casaco,Primavera,93.86,0,0,0.62,33,7
Sweater,Primavera,137.34,10,0,0.61,31,18
Saia,Primavera,35.15,10,1,0.43,30,74
Vestido,Primavera,76.96,0,0,0.52,64,61
Vestido,Verão,38.96,0,0,0.43,81,59
Sweater,Outono,122.94,0,0,0.39,44,52
Sweater,Primavera,48.37,20,0,0.61,12,32
Casaco,Inverno,104.13,10,0,0.57,97,73
Casaco,Inverno,86.92,20,0,0.33,92,92
Casaco,Verão,28.03,30,0,0.34,1,10
Calças,Primavera,131.4,20,0,0.45,54,47
Vestido,Outono,12.82,20,0,0.4,17,40
Vestido,Primavera,50.99,0,0,0.34,103,63
Sweater,Primavera,129.06,10,0,0.23,31,26
Casaco,Outono,33.45,0,0,0.26,74,55
T-shirt,Verão,55.6,10,1,0.22,110,115
Saia,Outono,58.83,20,0,0.6,39,24
T-shirt,Outono,102.59,0,0,0.51,44,31
Casaco,Verão,39.15,0,1,0.33,17,12
T-shirt,Primavera,21.0,0,1,0.45,68,87
Vestido,Inverno,147.81,0,0,0.5,29,27
Casaco,Outono,127.06,0,0,0.44,55,55
T-shirt,Verão,140.59,0,0,0.55,102,66
Saia,Primavera,52.38,10,0,0.41,83,45
Calças,Verão,74.42,0,0,0.4,30,31
Calças,Verão,31.68,0,0,0.39,42,33
T-shirt,Inverno,90.36,10,0,0.53,15,27
Casaco,Verão,100.73,0,0,0.48,10,12
T-shirt,Outono,59.94,10,1,0.22,24,53
Calças,Primavera,44.26,30,0,0.52,52,55
Casaco,Primavera,137.13,20,0,0.51,29,21
Calças,Verão,77.48,0,0,0.35,46,27
Sweater,Verão,32.71,10,1,0.59,5,13
Vestido,Outono,28.56,20,0,0.62,25,37
Saia,Primavera,96.49,20,0,0.63,72,52
Vestido,Verão,74.65,0,0,0.53,95,82
T-shirt,Inverno,17.28,30,0,0.32,24,24
Vestido,Primavera,114.96,0,0,0.65,79,45
T-shirt,Inverno,67.34,20,1,0.3,11,33
T-shirt,Verão,94.71,10,0,0.43,76,91
T-shirt,Primavera,117.26,30,1,0.37,41,78
T-shirt,Outono,35.7,0,0,0.37,36,36
Saia,Inverno,129.6,20,0,0.25,8,8
Sweater,Primavera,28.42,0,1,0.64,28,29
Saia,Outono,16.45,10,0,0.41,29,32
Calças,Inverno,119.14,0,0,0.51,57,38
Calças,Primavera,123.74,30,1,0.32,63,59
Casaco,Inverno,16.14,20,0,0.32,63,80
Sweater,Inverno,59.7,0,1,0.49,63,83
Sweater,Primavera,23.24,20,0,0.46,21,22
T-shirt,Verão,129.93,30,1,0.45,83,120
T-shirt,Primavera,99.99,10,1,0.49,45,74
Saia,Primavera,103.8,0,0,0.52,45,42
Calças,Outono,117.9,0,0,0.5,62,47
T-shirt,Verão,42.56,10,0,0.29,109,102
Vestido,Inverno,90.29,0,1,0.62,3,9
Casaco,Outono,37.31,50,0,0.43,56,60
Vestido,Verão,27.21,10,0,0.55,89,81
T-shirt,Primavera,110.34,20,0,0.32,55,58
Sweater,Primavera,79.05,10,0,0.61,22,24
Calças,Primavera,26.93,0,0,0.38,51,43
Sweater,Verão,127.79,10,0,0.33,11,9
Saia,Inverno,123.44,10,0,0.23,10,14
T-shirt,Primavera,19.18,20,0,0.38,60,60
Calças,Inverno,34.6,10,0,0.4,43,56
Calças,Outono,52.67,0,0,0.52,41,55
Saia,Inverno,75.68,0,0,0.34,1,14
Vestido,Inverno,37.08,0,0,0.6,5,4
Saia,Primavera,99.5,0,0,0.49,54,59
Casaco,Primavera,126.7,0,1,0.41,14,20
Casaco,Outono,66.66,0,0,0.42,49,53
T-shirt,Primavera,131.59,20,1,0.51,44,65
T-shirt,Inverno,65.76,10,0,0.21,9,15
Calças,Primavera,71.53,10,0,0.51,48,50
Casaco,Outono,25.31,0,0,0.46,61,55
Casaco,Inverno,126.61,0,0,0.45,83,60
Calças,Primavera,140.26,20,1,0.21,47,65
Casaco,Verão,43.49,20,0,0.37,24,15
Sweater,Primavera,95.78,10,0,0.49,21,15
Saia,Outono,37.4,20,1,0.33,26,44
T-shirt,Verão,144.59,10,0,0.62,95,72
Casaco,Inverno,75.08,10,0,0.28,91,81
Sweater,Outono,98.32,0,0,0.38,52,55
Casaco,Verão,23.17,50,0,0.52,1,9
Casaco,Primavera,78.33,10,1,0.37,32,33
Casaco,Primavera,63.61,0,1,0.47,20,23
Vestido,Verão,149.64,0,0,0.28,85,76
T-shirt,Outono,36.31,10,0,0.3,25,36
Casaco,Primavera,54.88,20,1,0.4,13,27
Vestido,Primavera,81.88,20,1,0.4,83,105
T-shirt,Inverno,55.58,50,0,0.22,14,27
Sweater,Verão,73.0,0,0,0.32,9,18
Casaco,Primavera,54.74,10,0,0.27,20,25
T-shirt,Inverno,110.29,20,0,0.49,24,23
T-shirt,Verão,60.05,0,0,0.51,115,79
Saia,Outono,133.6,10,0,0.46,47,29
Vestido,Primavera,79.89,0,0,0.48,93,67
Vestido,Outono,93.02,30,0,0.39,20,25
T-shirt,Primavera,115.11,10,0,0.22,57,59
Vestido,Outono,127.71,0,0,0.31,31,25
Calças,Inverno,140.32,0,1,0.61,40,46
Vestido,Outono,122.91,0,1,0.37,29,41
Calças,Outono,111.78,10,0,0.5,39,38
Casaco,Inverno,11.92,30,0,0.4,93,104
Calças,Primavera,103.76,50,0,0.45,38,57
Vestido,Inverno,131.34,50,0,0.55,4,26
Sweater,Primavera,130.11,0,1,0.3,36,32
Saia,Primavera,140.57,10,0,0.49,42,36
Sweater,Verão,80.04,20,0,0.32,16,12
T-shirt,Outono,30.57,30,0,0.28,33,55
Calças,Primavera,54.57,0,1,0.31,47,61
T-shirt,Outono,24.48,10,0,0.43,21,44
T-shirt,Verão,67.66,20,0,0.59,115,84
T-shirt,Inverno,38.07,10,0,0.59,32,15
Sweater,Inverno,63.63,30,0,0.4,66,84
Vestido,Verão,79.16,0,0,0.34,86,84
Vestido,Primavera,68.96,10,0,0.26,54,59
T-shirt,Outono,93.96,20,1,0.35,31,48
T-shirt,Inverno,68.24,20,0,0.43,33,22
Vestido,Verão,54.32,10,0,0.43,93,62
Casaco,Outono,108.85,10,0,0.6,51,43
Saia,Outono,16.18,50,0,0.56,32,33
Sweater,Outono,85.25,0,0,0.31,76,50
Casaco,Outono,34.98,0,1,0.32,67,71
T-shirt,Inverno,125.05,20,0,0.35,17,13
Saia,Primavera,60.31,10,0,0.49,62,46
Casaco,Primavera,97.49,20,1,0.33,25,21
Sweater,Outono,125.7,30,1,0.65,55,83
Casaco,Outono,75.58,10,0,0.32,49,52
Vestido,Verão,99.19,0,1,0.43,71,94
Calças,Primavera,109.29,0,0,0.51,51,40
Saia,Outono,51.67,20,0,0.51,39,42
Calças,Verão,97.84,0,0,0.52,38,27
T-shirt,Verão,24.27,10,0,0.57,68,88
Sweater,Inverno,128.03,0,0,0.38,63,65
Casaco,Primavera,38.87,0,0,0.47,12,22
Casaco,Primavera,118.72,20,0,0.47,21,21
Saia,Verão,118.81,0,1,0.44,60,74
Calças,Outono,24.32,20,1,0.32,51,83
Vestido,Primavera,108.82,30,0,0.55,69,66
Sweater,Inverno,130.41,0,0,0.38,95,62
Casaco,Verão,43.72,0,1,0.23,12,1
Casaco,Outono,84.6,30,1,0.36,66,79
Casaco,Inverno,84.27,10,1,0.3,58,91
Saia,Verão,28.83,0,1,0.38,76,81
Calças,Verão,116.82,0,1,0.61,41,41
Calças,Primavera,105.87,0,1,0.21,56,53
T-shirt,Inverno,125.75,10,1,0.65,16,20
Vestido,Verão,127.44,0,0,0.46,101,71
Sweater,Primavera,53.48,10,0,0.38,19,16
Calças,Verão,87.16,20,0,0.34,37,38
Calças,Primavera,37.55,30,0,0.52,54,67
Vestido,Verão,78.8,20,1,0.24,63,111
Saia,Outono,96.71,20,0,0.31,24,24
T-shirt,Outono,10.95,0,0,0.65,32,32
Saia,Primavera,82.82,0,1,0.38,46,52
Saia,Primavera,106.46,10,0,0.2,64,48
Calças,Verão,70.93,30,0,0.59,47,47
Casaco,Verão,88.8,0,0,0.53,9,13
Vestido,Primavera,60.34,0,0,0.44,73,61
Saia,Inverno,23.57,10,1,0.56,14,7
Calças,Inverno,13.42,10,0,0.5,47,51
Casaco,Outono,139.0,50,0,0.48,49,70
T-shirt,Inverno,121.1,0,0,0.54,6,23
T-shirt,Outono,18.78,20,0,0.26,40,48
T-shirt,Primavera,95.23,0,0,0.21,70,58
Saia,Inverno,136.46,20,1,0.4,8,12
Saia,Primavera,127.09,20,1,0.51,46,63
Sweater,Inverno,43.64,0,0,0.54,97,73
Calças,Outono,47.89,0,0,0.38,51,53
Casaco,Outono,79.3,0,0,0.29,52,57
Sweater,Verão,96.72,20,0,0.55,9,13
Calças,Primavera,119.91,20,0,0.28,62,50
Sweater,Inverno,16.9,30,0,0.29,69,81
Sweater,Outono,32.2,20,0,0.31,68,68
Sweater,Primavera,120.58,10,0,0.27,33,21
Vestido,Verão,64.34,0,0,0.46,69,74
Vestido,Outono,129.36,0,0,0.64,19,23
Saia,Verão,145.74,20,0,0.23,61,63
Saia,Primavera,54.38,20,1,0.36,62,82
Calças,Outono,10.22,10,0,0.65,60,59
Vestido,Inverno,114.42,0,0,0.48,31,11
Vestido,Outono,148.02,0,0,0.29,27,24
Vestido,Inverno,67.95,0,0,0.49,19,6
Sweater,Verão,130.21,0,1,0.5,4,19
T-shirt,Inverno,29.83,10,0,0.63,24,16
Vestido,Primavera,45.37,10,0,0.33,46,61
Casaco,Inverno,33.95,30,1,0.24,89,118
Sweater,Primavera,44.71,30,1,0.52,28,30
Sweater,Verão,35.37,20,0,0.41,12,11
T-shirt,Primavera,131.68,10,0,0.62,72,57
T-shirt,Primavera,60.42,50,1,0.6,56,84
Saia,Verão,46.89,0,0,0.42,73,67
Calças,Inverno,107.67,10,0,0.48,60,43
Vestido,Primavera,90.78,0,0,0.33,94,75
Casaco,Primavera,27.86,30,0,0.35,26,27
Saia,Inverno,145.71,50,0,0.23,8,13
Calças,Outono,50.35,0,0,0.39,73,56
Vestido,Outono,21.09,10,0,0.29,24,29
Calças,Verão,130.55,0,0,0.28,36,32
Vestido,Outono,133.9,0,0,0.41,36,38
Vestido,Outono,30.3,20,0,0.49,10,16
Calças,Primavera,109.98,30,0,0.4,41,57
T-shirt,Verão,132.85,10,1,0.65,80,99
Casaco,Inverno,94.63,0,1,0.33,78,95
T-shirt,Verão,67.29,0,1,0.56,99,111
Vestido,Inverno,69.5,0,0,0.44,6,11
Casaco,Verão,39.92,0,0,0.3,3,1
Casaco,Outono,65.27,50,0,0.64,45,61
Calças,Verão,18.91,0,0,0.45,30,30
Vestido,Inverno,30.78,0,1,0.65,16,24
Calças,Inverno,68.32,10,0,0.47,43,35
T-shirt,Verão,97.85,20,0,0.54,111,98
Vestido,Inverno,99.28,10,1,0.57,27,27
Casaco,Primavera,141.96,20,0,0.5,9,30
Vestido,Inverno,122.9,10,1,0.33,5,15
Saia,Primavera,50.26,0,0,0.3,62,50
Casaco,Outono,77.3,30,1,0.54,51,77
Sweater,Verão,39.87,0,1,0.39,12,11
T-shirt,Inverno,33.01,20,1,0.26,15,22
Vestido,Verão,15.19,10,1,0.35,77,103
Calças,Verão,130.1,0,0,0.45,49,33
Saia,Outono,103.55,30,0,0.26,10,17
Calças,Inverno,80.95,0,0,0.54,45,42
Sweater,Inverno,127.79,10,1,0.22,58,81
Vestido,Verão,58.48,20,1,0.46,61,115
Saia,Inverno,148.99,0,0,0.6,1,14
Sweater,Inverno,46.7,0,0,0.52,91,70
Sweater,Primavera,16.88,10,1,0.31,30,35
T-shirt,Inverno,16.28,30,0,0.21,14,23
Saia,Outono,95.11,0,0,0.31,34,26
Vestido,Verão,126.58,0,0,0.51,81,75
Calças,Primavera,138.35,10,0,0.56,62,43
Saia,Verão,141.37,30,0,0.36,51,67
Casaco,Inverno,35.86,0,0,0.58,72,89
Sweater,Primavera,20.51,30,0,0.61,32,36
Vestido,Verão,99.32,10,0,0.64,99,81
Calças,Inverno,21.73,10,0,0.57,54,63
Vestido,Primavera,101.42,10,1,0.2,69,94
Vestido,Inverno,68.92,20,0,0.29,2,26
Casaco,Outono,145.01,0,0,0.56,53,39
Saia,Inverno,87.96,0,0,0.28,15,11
Calças,Verão,88.68,0,0,0.55,42,40
Saia,Primavera,118.52,20,0,0.28,69,62
T-shirt,Verão,21.15,10,0,0.35,90,100
Vestido,Primavera,100.82,10,0,0.21,82,68
Calças,Primavera,92.28,0,0,0.35,50,34
Saia,Primavera,146.88,0,1,0.61,51,67
Calças,Verão,57.68,0,0,0.42,36,28
T-shirt,Outono,17.32,0,0,0.25,46,38
Vestido,Outono,132.02,10,0,0.43,18,27
Saia,Outono,58.75,20,0,0.57,19,27
T-shirt,Verão,113.0,0,0,0.34,109,70
Vestido,Verão,65.61,10,1,0.43,93,105
Sweater,Inverno,90.58,50,1,0.3,66,117
Casaco,Inverno,80.61,10,0,0.43,57,85
Sweater,Outono,61.8,20,1,0.54,63,72
Saia,Verão,114.68,10,1,0.48,79,82
Saia,Verão,94.2,30,0,0.4,85,89
Calças,Inverno,83.18,0,0,0.28,44,30
Casaco,Outono,108.61,20,0,0.22,41,65
Vestido,Inverno,87.09,0,0,0.39,23,27
Calças,Inverno,141.48,0,0,0.51,57,33
Vestido,Verão,76.51,20,0,0.62,82,86
Saia,Inverno,98.61,10,0,0.23,6,13
Calças,Verão,124.56,10,0,0.5,27,30
Calças,Primavera,25.15,30,0,0.3,51,51
T-shirt,Primavera,49.99,0,1,0.21,41,66
Calças,Outono,121.71,10,0,0.39,54,47
Calças,Primavera,110.93,20,0,0.63,62,59
Casaco,Verão,132.53,10,0,0.27,9,13
Sweater,Primavera,87.68,20,0,0.48,23,15
Sweater,Inverno,120.58,10,0,0.38,66,75
Vestido,Inverno,82.92,10,0,0.25,4,19
Vestido,Verão,121.65,0,0,0.35,66,69
Sweater,Outono,81.89,0,0,0.4,52,43
Vestido,Inverno,66.26,20,1,0.3,10,29
Vestido,Primavera,46.76,0,1,0.4,69,76
Vestido,Outono,89.32,50,0,0.3,25,44
Sweater,Primavera,123.47,50,0,0.33,31,36
Saia,Inverno,124.21,30,1,0.49,29,11
Calças,Primavera,145.67,10,0,0.4,53,45
Vestido,Inverno,22.39,0,1,0.32,13,30
Sweater,Primavera,65.61,0,0,0.52,26,26
Vestido,Inverno,120.01,30,0,0.31,18,16
Vestido,Outono,20.41,50,1,0.28,24,35
T-shirt,Outono,84.22,0,0,0.52,45,39
Vestido,Inverno,107.14,30,0,0.37,22,19
T-shirt,Primavera,65.47,10,0,0.3,77,55
T-shirt,Inverno,92.03,0,1,0.28,29,26
Casaco,Inverno,80.72,10,1,0.56,77,98
Saia,Inverno,20.58,0,0,0.38,17,1
T-shirt,Outono,84.88,30,1,0.32,43,56
Saia,Outono,42.96,20,0,0.2,11,5
Vestido,Verão,35.25,20,0,0.34,61,86
Casaco,Primavera,93.53,0,1,0.22,20,20
Saia,Outono,117.82,0,1,0.2,8,36
Saia,Verão,14.25,50,0,0.45,57,91
Vestido,Primavera,102.63,50,0,0.46,74,86
Sweater,Verão,24.63,0,0,0.41,1,2
Casaco,Inverno,97.67,0,0,0.59,78,64
T-shirt,Primavera,57.84,20,0,0.53,43,62
Sweater,Primavera,106.59,30,0,0.61,25,25
Vestido,Inverno,32.43,0,1,0.25,33,20
Casaco,Inverno,109.46,0,1,0.46,102,85
Vestido,Verão,143.07,50,0,0.63,65,99
Vestido,Primavera,29.87,0,1,0.3,48,88
Sweater,Verão,45.58,10,1,0.57,5,1
Casaco,Inverno,34.13,0,1,0.63,60,84
T-shirt,Outono,94.58,20,0,0.23,26,35
Casaco,Inverno,32.31,0,0,0.39,69,82
Calças,Verão,140.56,0,0,0.32,42,35
Casaco,Inverno,91.51,0,0,0.52,70,65
T-shirt,Outono,53.59,30,0,0.29,53,43
T-shirt,Verão,17.12,0,0,0.45,70,85
Sweater,Inverno,59.79,20,0,0.26,75,78
Sweater,Verão,79.69,0,0,0.38,3,10
Calças,Outono,101.52,20,1,0.42,52,74
Saia,Inverno,72.93,50,1,0.52,1,10
Vestido,Inverno,138.5,0,0,0.56,3,18
Saia,Outono,48.58,20,1,0.47,23,36
Calças,Verão,28.5,0,0,0.55,32,37
T-shirt,Inverno,143.62,10,0,0.61,17,18
T-shirt,Verão,131.86,0,0,0.25,81,65
Sweater,Primavera,90.88,10,0,0.49,17,21
Casaco,Verão,92.21,10,0,0.52,7,12
Sweater,Outono,63.63,20,1,0.4,55,84
Vestido,Outono,42.33,20,0,0.56,40,25
Vestido,Outono,58.46,0,0,0.4,15,27
T-shirt,Primavera,46.09,0,0,0.42,45,50
Vestido,Inverno,117.81,10,1,0.53,6,12
Casaco,Inverno,29.37,20,0,0.55,103,95
Saia,Primavera,53.65,10,0,0.21,55,62
Calças,Inverno,120.94,0,0,0.62,46,34
Casaco,Outono,41.03,0,0,0.65,53,49
T-shirt,Inverno,101.99,20,0,0.57,9,23
Calças,Primavera,57.43,0,0,0.56,50,44
Saia,Inverno,96.16,0,0,0.51,25,12
Casaco,Primavera,39.56,10,0,0.31,42,26
T-shirt,Inverno,100.35,10,1,0.55,19,18
Casaco,Primavera,120.55,20,0,0.64,27,15
Calças,Primavera,107.55,10,0,0.36,54,51
Sweater,Verão,37.78,10,1,0.41,14,18
Casaco,Primavera,94.51,30,0,0.27,15,19
Vestido,Outono,148.82,0,1,0.25,24,40
Vestido,Primavera,80.53,10,1,0.23,72,96
Sweater,Verão,88.48,0,0,0.58,2,5
Saia,Primavera,34.44,0,0,0.32,40,51
T-shirt,Inverno,62.11,20,0,0.39,24,20
Vestido,Inverno,61.79,0,0,0.45,18,19
Casaco,Inverno,145.65,10,0,0.59,83,52
Casaco,Primavera,140.19,0,1,0.61,5,26
T-shirt,Inverno,23.57,10,0,0.62,4,14
Saia,Primavera,94.69,10,0,0.24,51,51
Casaco,Outono,64.06,20,0,0.24,55,64
Casaco,Primavera,50.51,0,0,0.32,25,1
Calças,Outono,64.2,0,0,0.36,66,57
Casaco,Outono,92.33,10,0,0.45,69,57
Calças,Primavera,52.52,0,0,0.57,64,48
Calças,Outono,64.57,0,0,0.26,52,60
T-shirt,Outono,95.15,0,0,0.5,37,29
T-shirt,Verão,77.91,30,1,0.27,88,123
Casaco,Verão,34.66,10,0,0.59,18,15
T-shirt,Outono,108.49,10,0,0.21,53,28
Saia,Primavera,145.25,10,1,0.62,48,67
Casaco,Outono,38.32,0,0,0.64,52,41
Casaco,Verão,131.35,10,1,0.21,4,27
Sweater,Inverno,61.49,0,0,0.6,87,76
Casaco,Inverno,29.17,0,0,0.57,111,78
Saia,Verão,42.19,0,0,0.51,87,65
Vestido,Primavera,123.03,10,0,0.64,59,49
Vestido,Outono,146.99,10,0,0.5,30,23
Sweater,Primavera,68.34,20,0,0.3,26,25
Sweater,Inverno,63.6,10,1,0.31,63,94
Saia,Outono,57.29,20,0,0.32,17,22
T-shirt,Primavera,15.0,20,0,0.24,51,62
Saia,Inverno,11.47,50,0,0.49,1,26
Calças,Inverno,25.06,10,0,0.42,56,56
Calças,Primavera,75.7,30,0,0.48,57,64
T-shirt,Inverno,64.79,30,0,0.33,12,30
Casaco,Verão,42.45,30,1,0.45,1,9
Vestido,Inverno,27.59,10,0,0.42,3,14
T-shirt,Primavera,43.94,0,0,0.54,67,59
Vestido,Inverno,75.87,0,0,0.49,13,11
Calças,Primavera,52.17,0,1,0.3,66,65
Vestido,Outono,42.79,10,0,0.34,23,25
Vestido,Inverno,33.41,0,0,0.64,15,5
Saia,Verão,119.77,10,0,0.44,65,70
Saia,Primavera,131.52,10,0,0.5,42,38
Saia,Primavera,92.48,10,0,0.64,35,35
T-shirt,Outono,61.09,0,0,0.35,36,36
Calças,Primavera,23.89,20,1,0.35,53,72
Sweater,Verão,35.8,0,0,0.34,12,10
Casaco,Outono,143.61,30,0,0.36,74,64
Calças,Primavera,79.55,0,0,0.22,54,53
Calças,Outono,73.82,20,0,0.65,58,56
Sweater,Outono,54.32,20,0,0.64,68,62
Vestido,Inverno,49.1,0,0,0.52,1,26
Calças,Primavera,137.78,0,0,0.62,43,39
T-shirt,Outono,69.19,20,0,0.39,41,48
Casaco,Primavera,50.61,10,0,0.35,9,7
Calças,Verão,145.59,10,1,0.64,66,43
T-shirt,Outono,49.85,20,0,0.34,51,49
Sweater,Inverno,113.81,10,0,0.55,67,57
Casaco,Verão,57.36,20,0,0.64,8,8
Vestido,Outono,98.62,0,0,0.56,27,32
Sweater,Primavera,58.5,0,1,0.26,13,30
T-shirt,Primavera,100.5,10,0,0.54,60,68
T-shirt,Verão,49.02,0,0,0.64,78,68
Calças,Inverno,31.56,20,1,0.31,41,68
Casaco,Outono,85.08,0,0,0.54,38,36
Vestido,Outono,128.57,0,0,0.6,49,33
Vestido,Outono,70.62,0,1,0.62,22,28
Sweater,Outono,45.76,10,1,0.22,35,77
T-shirt,Verão,124.02,10,0,0.37,73,101
Sweater,Primavera,146.36,30,0,0.37,31,24
Calças,Verão,90.09,30,1,0.26,33,52
Casaco,Outono,78.21,0,0,0.51,63,53
Calças,Verão,44.51,0,0,0.26,42,32
Saia,Verão,51.73,0,0,0.21,86,64
Saia,Primavera,133.44,10,0,0.31,67,46
T-shirt,Primavera,55.12,10,1,0.3,74,78
Sweater,Inverno,109.97,30,0,0.46,78,77
Sweater,Inverno,57.01,0,1,0.47,83,82
Calças,Outono,102.23,10,0,0.3,41,63
Vestido,Outono,115.0,10,0,0.59,34,31
Saia,Inverno,53.41,0,0,0.41,2,1
Vestido,Inverno,101.39,30,0,0.28,11,32
Casaco,Primavera,54.94,0,1,0.42,35,33
T-shirt,Verão,12.5,0,0,0.51,59,82
T-shirt,Verão,56.98,0,1,0.39,116,109
Vestido,Outono,140.27,10,1,0.38,23,33
Calças,Inverno,90.22,0,0,0.34,55,41
Sweater,Outono,113.94,0,0,0.36,83,52
T-shirt,Inverno,47.18,10,1,0.41,26,32
Saia,Outono,140.84,10,0,0.4,20,21
Saia,Verão,72.22,10,0,0.2,56,71
T-shirt,Outono,111.88,0,0,0.54,42,43
Sweater,Primavera,12.08,0,0,0.62,12,18
Saia,Verão,53.2,50,0,0.26,62,94
Casaco,Inverno,76.9,20,0,0.28,79,79
Sweater,Verão,111.9,0,0,0.34,6,1
T-shirt,Inverno,90.99,0,1,0.35,14,23
Vestido,Inverno,83.42,50,0,0.21,19,16
T-shirt,Outono,77.49,20,0,0.42,34,41
Saia,Inverno,91.15,30,1,0.4,23,5
Calças,Inverno,101.19,0,0,0.28,63,41
Saia,Primavera,146.76,20,0,0.32,72,56
Casaco,Outono,39.95,0,0,0.54,70,51
Vestido,Outono,111.14,0,0,0.2,44,23
Saia,Inverno,124.71,0,0,0.35,19,4
T-shirt,Verão,59.17,20,0,0.62,110,92
Casaco,Inverno,118.69,10,0,0.54,69,76
Vestido,Inverno,134.56,20,0,0.39,18,9
Sweater,Primavera,13.59,30,1,0.44,19,30
Saia,Verão,80.94,50,0,0.6,85,88
T-shirt,Inverno,131.61,0,0,0.58,20,12
T-shirt,Verão,97.62,20,0,0.45,101,91
Sweater,Verão,74.45,0,0,0.39,8,5
Sweater,Inverno,61.61,0,0,0.46,65,68
Vestido,Primavera,86.13,0,1,0.37,69,66
Vestido,Inverno,115.83,10,0,0.53,18,6
Vestido,Verão,77.42,10,0,0.42,73,97
Casaco,Inverno,79.27,0,0,0.49,94,69
Saia,Verão,122.97,0,0,0.48,66,72
Calças,Verão,104.99,0,0,0.39,27,28
Casaco,Outono,51.54,10,0,0.64,51,54
Casaco,Inverno,10.41,0,0,0.63,102,74
Vestido,Outono,59.01,0,0,0.28,19,17
Calças,Inverno,102.54,0,1,0.6,53,52
Calças,Verão,22.96,20,0,0.38,36,47
Sweater,Verão,45.39,20,0,0.34,13,12
Vestido,Verão,131.81,20,0,0.48,110,85
Vestido,Outono,82.5,30,0,0.61,15,31
Vestido,Outono,29.68,30,0,0.65,28,31
T-shirt,Outono,75.28,30,0,0.29,48,44
T-shirt,Inverno,108.87,0,1,0.41,15,32
T-shirt,Outono,12.19,10,0,0.24,39,56
Casaco,Outono,145.58,30,0,0.26,51,56
Saia,Primavera,118.18,0,1,0.54,46,73
T-shirt,Outono,45.36,0,0,0.31,26,39
Saia,Primavera,52.11,0,0,0.36,67,56
Casaco,Verão,67.15,0,0,0.57,3,1
T-shirt,Primavera,110.58,0,1,0.45,61,66
T-shirt,Inverno,15.6,0,0,0.34,25,24
Casaco,Verão,20.07,0,0,0.64,23,2
Casaco,Verão,135.69,10,0,0.59,1,5
Casaco,Primavera,84.03,20,0,0.54,29,11
Saia,Outono,111.14,20,0,0.4,23,31
Vestido,Verão,105.04,10,0,0.34,108,78
Saia,Outono,103.91,10,0,0.59,29,21
Casaco,Outono,68.19,20,0,0.62,56,64
Sweater,Inverno,11.67,10,0,0.46,65,73
Calças,Outono,97.15,0,0,0.45,49,42
Saia,Primavera,14.31,20,1,0.56,59,69
Sweater,Outono,99.61,10,0,0.29,61,55
Casaco,Primavera,55.79,10,1,0.3,30,30
Sweater,Primavera,138.17,20,0,0.21,26,21
Calças,Outono,16.16,20,0,0.39,49,50
T-shirt,Primavera,66.2,20,1,0.39,59,79
Saia,Outono,71.62,20,0,0.25,26,17
Vestido,Verão,74.75,0,0,0.59,58,67
Saia,Verão,76.41,0,0,0.58,76,63
Sweater,Primavera,13.48,0,1,0.32,27,23
Sweater,Outono,93.13,0,0,0.49,81,55
Casaco,Outono,25.93,0,0,0.33,62,58
Sweater,Verão,44.34,50,0,0.6,7,14
Casaco,Verão,41.58,30,0,0.3,4,3
T-shirt,Primavera,53.23,10,0,0.25,52,68
Sweater,Inverno,51.38,30,1,0.41,80,111
Calças,Outono,142.28,20,0,0.4,51,56
Calças,Outono,42.47,0,1,0.34,48,67
Calças,Verão,53.77,0,1,0.38,35,40
Casaco,Outono,60.84,50,1,0.27,43,92
T-shirt,Inverno,48.34,10,1,0.26,17,26
Sweater,Verão,117.69,10,1,0.37,5,19
T-shirt,Primavera,29.47,0,0,0.23,55,53
Sweater,Verão,133.62,20,1,0.37,8,12
Calças,Primavera,58.97,0,0,0.4,69,40
Calças,Outono,148.68,10,0,0.26,59,42
T-shirt,Outono,73.36,30,0,0.58,44,36
T-shirt,Inverno,51.57,20,0,0.57,23,17
T-shirt,Outono,93.24,0,0,0.54,48,31
Saia,Outono,93.24,10,0,0.37,33,20
Saia,Verão,144.81,10,1,0.39,61,74
Vestido,Primavera,77.79,20,1,0.39,51,90
T-shirt,Primavera,70.31,10,0,0.3,51,59
Casaco,Inverno,97.8,0,0,0.21,56,74
Vestido,Verão,126.19,0,1,0.44,74,90
Casaco,Verão,90.51,0,0,0.32,16,10
Calças,Inverno,44.96,10,1,0.53,52,57
Sweater,Primavera,78.56,0,0,0.51,32,12
Sweater,Verão,127.68,30,0,0.35,9,8
Sweater,Outono,63.42,20,0,0.37,53,65
Casaco,Outono,12.5,0,0,0.46,77,58
Casaco,Verão,21.72,30,0,0.38,11,18
Casaco,Inverno,109.14,20,0,0.56,60,66
Saia,Outono,27.05,30,0,0.52,42,29
T-shirt,Outono,41.18,0,0,0.34,30,34
Sweater,Verão,123.17,0,0,0.42,3,12
T-shirt,Inverno,61.29,0,1,0.26,11,26
Vestido,Inverno,80.23,0,0,0.53,7,2
Saia,Inverno,83.58,10,1,0.34,14,17
Vestido,Verão,31.15,20,0,0.62,65,86
Vestido,Primavera,134.78,10,1,0.26,57,82
Calças,Primavera,121.86,0,0,0.62,54,36
T-shirt,Outono,19.8,20,0,0.46,37,33
Casaco,Inverno,91.73,0,0,0.27,96,79
Calças,Primavera,27.18,20,0,0.6,59,53
Calças,Inverno,104.97,0,0,0.37,46,42
T-shirt,Verão,73.83,20,0,0.44,107,95
Casaco,Inverno,143.16,0,0,0.6,79,60
Vestido,Primavera,91.02,0,0,0.6,51,64
Vestido,Primavera,26.58,20,0,0.4,72,71
Calças,Inverno,46.56,0,0,0.62,54,44
Sweater,Verão,63.5,10,0,0.32,8,8
Calças,Inverno,63.75,0,0,0.26,46,48
Calças,Primavera,116.51,0,0,0.64,43,45
T-shirt,Verão,28.2,10,0,0.51,103,97
Casaco,Primavera,126.67,30,0,0.55,23,25
Casaco,Primavera,70.1,20,0,0.62,18,18
Calças,Primavera,82.42,0,1,0.59,65,53
Calças,Inverno,135.02,50,0,0.56,60,62
Casaco,Inverno,32.41,0,0,0.34,107,86
Saia,Inverno,112.49,20,0,0.3,13,17
Vestido,Outono,92.23,10,1,0.23,22,28
Sweater,Inverno,135.42,10,0,0.27,89,67
Casaco,Inverno,88.19,20,0,0.35,83,85
Casaco,Verão,92.13,30,0,0.56,1,4
Sweater,Outono,37.86,20,0,0.65,73,66
Saia,Primavera,128.11,0,0,0.48,61,28
Vestido,Inverno,14.28,50,1,0.62,19,24
Casaco,Outono,120.63,10,0,0.56,58,52
Calças,Verão,77.13,10,1,0.47,51,55
Calças,Inverno,73.62,10,0,0.21,39,47
Casaco,Verão,108.0,0,0,0.25,28,5
Vestido,Primavera,59.01,10,0,0.56,47,42
Vestido,Inverno,124.5,20,0,0.44,16,14
Vestido,Inverno,112.27,0,0,0.39,23,16
Sweater,Verão,28.25,0,0,0.46,14,15
Saia,Primavera,34.75,0,1,0.4,52,72
Calças,Outono,114.07,20,0,0.4,52,63
Saia,Outono,134.66,30,0,0.28,16,35
T-shirt,Inverno,23.77,0,0,0.27,23,21
Sweater,Primavera,22.31,20,0,0.22,22,22
Vestido,Inverno,121.03,10,0,0.48,22,5
T-shirt,Inverno,127.82,10,0,0.21,26,26
Casaco,Outono,25.0,0,0,0.32,42,56
Sweater,Verão,54.37,20,0,0.31,16,11
Calças,Verão,83.62,20,0,0.62,49,39
T-shirt,Outono,38.75,0,1,0.61,43,53
Saia,Primavera,51.51,10,0,0.21,42,61
T-shirt,Verão,14.22,50,0,0.22,85,129
Calças,Outono,97.29,0,1,0.4,59,58
Vestido,Primavera,42.46,0,0,0.44,84,80
Sweater,Outono,66.61,0,0,0.46,49,50
Vestido,Outono,14.45,20,0,0.45,17,27
T-shirt,Outono,138.87,20,0,0.4,44,37
T-shirt,Outono,58.53,0,1,0.22,19,42
Saia,Primavera,98.79,20,0,0.53,54,46
T-shirt,Inverno,16.97,0,0,0.21,29,16
Calças,Inverno,128.95,10,1,0.63,57,58
Sweater,Primavera,43.11,0,1,0.39,26,33
Saia,Verão,31.6,0,0,0.3,61,68
Sweater,Verão,98.43,0,0,0.6,14,14
T-shirt,Primavera,92.23,10,1,0.29,63,79
Sweater,Primavera,69.27,30,0,0.56,22,17
Calças,Verão,31.56,0,0,0.45,41,29
Sweater,Primavera,72.52,0,0,0.23,29,25
Vestido,Primavera,69.45,0,0,0.56,72,70
Saia,Verão,71.23,20,1,0.49,76,85
Sweater,Primavera,145.16,30,1,0.58,16,30
Saia,Inverno,146.56,30,1,0.62,18,20
Sweater,Verão,148.82,50,0,0.4,5,13
T-shirt,Verão,20.54,0,0,0.42,87,83
T-shirt,Inverno,87.04,0,0,0.64,15,7
Casaco,Inverno,118.05,30,0,0.65,62,79
T-shirt,Outono,119.0,20,0,0.56,46,28
Casaco,Primavera,147.44,10,1,0.24,19,22
Calças,Outono,95.49,0,1,0.23,60,70
Sweater,Primavera,124.18,10,1,0.49,26,35
Casaco,Outono,39.95,10,1,0.35,49,75
Saia,Primavera,134.49,0,1,0.52,59,58
Saia,Inverno,53.64,0,0,0.41,9,14
Casaco,Primavera,110.75,10,0,0.36,9,22
Vestido,Outono,36.34,0,1,0.39,39,28
Casaco,Inverno,119.72,0,1,0.29,83,92
Casaco,Primavera,36.37,10,1,0.27,11,15
T-shirt,Outono,75.38,20,0,0.56,35,33
T-shirt,Outono,45.38,0,0,0.3,42,40
Calças,Verão,70.44,0,0,0.24,41,35
T-shirt,Primavera,117.1,50,1,0.63,68,97
Calças,Verão,22.81,0,0,0.4,30,37
T-shirt,Verão,144.5,0,1,0.26,95,102
Saia,Outono,46.48,10,0,0.49,11,24
Vestido,Outono,90.72,20,0,0.26,24,19
Casaco,Verão,35.0,0,1,0.52,26,16
Saia,Primavera,103.19,0,0,0.4,66,49
Calças,Primavera,134.11,10,0,0.63,43,40
Sweater,Primavera,126.6,10,1,0.3,20,27
Casaco,Primavera,107.3,0,1,0.55,10,26
Casaco,Inverno,41.69,10,0,0.33,60,86
Sweater,Verão,40.47,0,0,0.47,4,13
Calças,Primavera,105.41,0,0,0.37,41,44
Casaco,Inverno,113.44,0,0,0.23,74,73
Casaco,Verão,57.03,0,0,0.65,23,11
Casaco,Outono,122.94,0,0,0.49,48,50
Sweater,Primavera,32.08,10,1,0.39,24,32
Casaco,Primavera,17.64,20,0,0.38,13,21
Sweater,Primavera,96.25,0,0,0.49,14,17
Saia,Primavera,102.65,20,0,0.24,48,56
Sweater,Verão,68.12,20,0,0.41,4,17
Saia,Outono,26.06,50,0,0.49,20,39
Vestido,Verão,63.55,10,0,0.55,89,86
T-shirt,Outono,28.32,20,0,0.42,27,42
Vestido,Primavera,23.82,10,0,0.27,65,70
Sweater,Outono,20.06,10,0,0.44,64,54
Saia,Outono,69.61,0,0,0.51,41,36
Vestido,Inverno,90.6,0,0,0.37,21,15
Sweater,Inverno,31.28,0,0,0.53,82,71
T-shirt,Inverno,90.7,30,1,0.49,16,36
Casaco,Verão,15.6,10,0,0.24,14,1
Casaco,Inverno,23.39,0,0,0.58,75,84
Calças,Verão,48.2,0,0,0.31,42,36
Calças,Inverno,19.73,0,0,0.62,48,45
Calças,Outono,110.64,30,0,0.44,66,55
Saia,Verão,23.2,10,0,0.35,87,69
Saia,Primavera,44.42,20,1,0.38,53,73
Vestido,Verão,115.23,0,1,0.3,123,104
Casaco,Primavera,45.09,0,0,0.33,24,16
T-shirt,Verão,38.28,20,1,0.41,59,127
Sweater,Outono,102.66,10,0,0.25,52,62
Calças,Inverno,88.44,0,1,0.61,56,61
Calças,Inverno,40.49,0,0,0.28,34,44
Saia,Outono,21.69,0,0,0.45,34,9
Sweater,Inverno,23.27,0,0,0.25,89,77
Saia,Primavera,121.06,20,0,0.5,66,49
Saia,Primavera,86.01,10,0,0.64,41,45
Vestido,Outono,92.12,10,1,0.35,31,29
Sweater,Outono,38.89,0,0,0.48,44,52
T-shirt,Outono,107.31,10,0,0.43,51,31
T-shirt,Primavera,143.34,20,0,0.5,53,57
Saia,Verão,17.4,20,1,0.31,84,95
Saia,Verão,24.08,0,0,0.65,58,62
Sweater,Outono,67.98,10,0,0.33,72,58
Casaco,Outono,24.06,30,0,0.48,40,64
Sweater,Verão,144.36,10,0,0.31,15,10
Saia,Outono,21.75,10,0,0.38,12,26
Sweater,Outono,50.8,0,0,0.58,82,52
Saia,Outono,126.0,10,0,0.45,21,25
Saia,Primavera,137.02,10,0,0.33,57,53
T-shirt,Verão,20.06,0,0,0.54,74,76
Calças,Outono,110.11,10,0,0.39,55,46
Saia,Primavera,37.52,30,0,0.61,50,63
Calças,Inverno,103.73,0,0,0.33,42,46
Vestido,Inverno,62.62,10,1,0.51,20,20
Sweater,Outono,95.85,10,0,0.26,60,59
Casaco,Verão,20.34,0,0,0.48,15,10
T-shirt,Outono,121.59,20,0,0.25,51,53
Vestido,Primavera,72.21,20,0,0.33,64,80
T-shirt,Outono,10.49,0,1,0.29,28,38
Vestido,Verão,97.41,0,0,0.62,95,73
T-shirt,Inverno,33.58,20,0,0.43,14,24
Sweater,Outono,142.28,0,0,0.21,67,52
Vestido,Primavera,63.69,30,0,0.59,67,67
Saia,Outono,113.52,0,1,0.49,9,32
Saia,Verão,123.64,20,0,0.48,47,63
Calças,Verão,25.76,20,0,0.41,29,38
Vestido,Inverno,61.2,20,0,0.45,14,17
Saia,Inverno,100.26,0,0,0.64,8,13
Vestido,Outono,91.09,0,0,0.32,17,31
Calças,Outono,31.56,20,1,0.3,61,72
Saia,Primavera,66.52,30,0,0.44,77,68
Calças,Outono,127.51,30,0,0.28,48,63
Vestido,Verão,58.01,50,0,0.38,61,105
Casaco,Outono,136.94,50,0,0.22,38,65
Calças,Inverno,38.12,20,1,0.49,44,62
Saia,Verão,22.78,10,0,0.43,68,71
Vestido,Outono,101.68,0,0,0.45,40,31
Saia,Verão,62.73,10,0,0.32,67,79
Vestido,Inverno,43.02,10,0,0.35,21,30
Calças,Inverno,32.3,0,0,0.62,54,36
Sweater,Verão,24.3,10,0,0.32,4,15
Vestido,Verão,86.2,20,0,0.61,79,100
Vestido,Primavera,64.23,20,0,0.53,62,66
Casaco,Verão,23.05,0,0,0.28,6,13
Vestido,Inverno,143.69,50,1,0.36,28,39
T-shirt,Inverno,149.44,10,0,0.28,36,23
T-shirt,Outono,80.64,30,0,0.58,36,48
T-shirt,Primavera,36.57,30,0,0.41,61,73
T-shirt,Inverno,69.77,50,1,0.6,15,21
Vestido,Verão,25.32,0,0,0.39,109,91
Vestido,Outono,57.05,0,0,0.42,14,19
Calças,Verão,135.51,20,0,0.63,32,34
Vestido,Inverno,35.79,0,0,0.51,15,13
Sweater,Inverno,99.86,50,0,0.39,89,100
Casaco,Primavera,136.21,0,0,0.37,24,21
Saia,Inverno,89.08,20,0,0.63,6,10
T-shirt,Primavera,137.62,0,1,0.34,71,73
T-shirt,Primavera,42.85,0,1,0.28,67,77
Saia,Inverno,41.88,0,0,0.26,17,18
Calças,Primavera,104.33,30,0,0.35,56,50
Sweater,Inverno,35.58,0,0,0.59,75,69
Saia,Primavera,64.99,0,1,0.22,55,78
Vestido,Primavera,85.59,0,0,0.43,89,60
Casaco,Primavera,12.85,20,0,0.65,14,14
Saia,Primavera,59.86,0,0,0.48,48,51
Saia,Outono,129.38,0,0,0.48,32,22
Calças,Verão,98.82,20,0,0.27,34,30
Vestido,Primavera,95.03,0,0,0.28,43,53
T-shirt,Inverno,17.69,0,0,0.42,6,25
T-shirt,Verão,89.17,20,1,0.6,84,114
Casaco,Primavera,107.97,0,0,0.53,18,29
Saia,Outono,49.9,20,0,0.52,19,28
Calças,Outono,106.03,10,0,0.61,40,46
Saia,Outono,78.83,0,1,0.38,23,19
Sweater,Inverno,116.21,10,1,0.41,85,81
Saia,Outono,19.18,20,0,0.44,19,27
Sweater,Outono,112.74,0,0,0.29,57,50
Sweater,Outono,93.43,0,0,0.41,47,47
Sweater,Verão,131.07,20,0,0.48,19,12
Sweater,Inverno,71.26,30,0,0.32,67,92
Casaco,Verão,23.22,0,1,0.3,22,15
Sweater,Outono,92.97,10,1,0.54,67,68
Calças,Inverno,139.9,0,0,0.39,50,42
Calças,Inverno,49.49,10,0,0.61,38,42
Sweater,Primavera,131.07,0,0,0.32,20,23
Calças,Outono,110.42,0,1,0.6,52,55
T-shirt,Outono,135.56,0,0,0.47,41,30
T-shirt,Primavera,113.31,0,0,0.57,68,45
Sweater,Outono,65.43,20,0,0.33,70,74
Vestido,Verão,145.61,20,0,0.26,65,90
T-shirt,Inverno,142.18,0,0,0.31,22,16
T-shirt,Primavera,24.74,20,0,0.36,53,77
T-shirt,Verão,78.83,0,0,0.37,95,72
Saia,Outono,55.65,0,0,0.54,17,20
Sweater,Outono,77.61,0,1,0.47,58,54
Casaco,Outono,68.5,10,0,0.62,85,64
Calças,Outono,95.8,20,0,0.41,71,62
Casaco,Verão,110.69,10,0,0.51,27,20
Casaco,Inverno,60.61,0,0,0.23,96,67
Sweater,Verão,75.97,30,0,0.33,11,12
T-shirt,Outono,139.65,20,0,0.26,56,41
Calças,Outono,84.79,0,0,0.38,33,31
T-shirt,Primavera,15.57,20,0,0.48,46,65
Saia,Outono,115.82,0,1,0.39,19,33
Sweater,Primavera,79.2,30,0,0.6,16,22
Vestido,Outono,136.82,30,0,0.26,24,29
Saia,Verão,68.33,0,1,0.48,56,83
Sweater,Outono,38.88,0,0,0.26,59,52
Saia,Outono,101.96,20,0,0.34,40,34
Vestido,Verão,90.82,20,1,0.34,69,101
Saia,Primavera,77.44,0,1,0.56,56,55
Saia,Inverno,36.7,10,1,0.55,23,1
Vestido,Primavera,107.6,50,0,0.36,54,80
T-shirt,Primavera,140.13,20,0,0.58,64,60
Casaco,Inverno,114.38,50,0,0.58,61,92
T-shirt,Verão,134.57,0,0,0.44,79,78
Vestido,Verão,128.97,0,1,0.26,86,84
Casaco,Primavera,93.86,0,0,0.23,1,10
T-shirt,Outono,106.26,50,0,0.48,48,58
T-shirt,Outono,27.94,10,0,0.27,41,37
Saia,Inverno,84.36,0,0,0.46,10,5
T-shirt,Inverno,20.12,30,0,0.38,10,16
Vestido,Outono,56.38,10,0,0.61,30,14
Saia,Primavera,101.62,10,0,0.29,58,46
Vestido,Inverno,29.52,10,0,0.55,15,5
T-shirt,Verão,12.49,10,0,0.51,101,95
Vestido,Outono,62.03,0,0,0.27,41,30
Saia,Inverno,73.13,10,0,0.51,13,21
Saia,Outono,16.87,0,0,0.54,28,22
Sweater,Outono,58.08,20,0,0.39,73,66
Sweater,Verão,60.13,30,0,0.64,13,6
T-shirt,Inverno,70.11,30,0,0.33,11,17
Sweater,Primavera,20.94,10,0,0.6,28,26
Saia,Primavera,100.52,0,0,0.46,54,47
Vestido,Verão,117.15,30,1,0.29,87,114
Saia,Inverno,127.19,10,0,0.51,14,3
Saia,Outono,14.33,0,0,0.23,23,21
T-shirt,Verão,50.18,30,0,0.32,100,110
Calças,Primavera,140.43,20,0,0.35,50,58
Calças,Verão,106.71,10,0,0.47,61,31
Sweater,Primavera,74.89,10,0,0.42,16,18
T-shirt,Verão,93.15,30,0,0.21,99,91
Sweater,Outono,122.33,0,1,0.25,71,74
T-shirt,Primavera,56.25,10,0,0.21,76,60
Calças,Outono,117.87,50,0,0.41,68,67
Sweater,Inverno,86.38,0,0,0.62,69,71
Vestido,Inverno,55.64,10,0,0.56,12,9
Casaco,Verão,114.69,0,0,0.44,1,1
Casaco,Verão,110.68,10,1,0.51,20,19
Casaco,Inverno,52.49,20,0,0.45,73,92
Casaco,Inverno,85.88,0,0,0.36,52,78
Saia,Outono,59.87,20,1,0.51,9,36
T-shirt,Verão,68.08,10,0,0.52,78,84
Sweater,Inverno,89.5,0,1,0.44,87,86
Vestido,Outono,50.45,0,0,0.49,24,23
Casaco,Verão,126.55,30,0,0.59,4,10
T-shirt,Verão,76.18,0,1,0.28,90,108
Casaco,Verão,132.68,0,0,0.23,6,3
Sweater,Primavera,58.6,10,0,0.41,36,18
Vestido,Outono,18.56,10,1,0.24,27,34
Sweater,Primavera,89.1,10,1,0.55,31,35
Casaco,Outono,131.05,30,0,0.22,73,60
Sweater,Outono,26.67,0,0,0.31,64,44
Vestido,Outono,85.52,10,0,0.2,26,24
Vestido,Primavera,135.26,30,1,0.62,49,87
Casaco,Outono,142.66,30,0,0.24,45,62
Calças,Primavera,69.56,30,0,0.44,54,52
Sweater,Inverno,48.86,20,0,0.25,100,87
Vestido,Outono,33.28,20,0,0.4,35,29
Casaco,Outono,107.83,20,0,0.44,54,50
Casaco,Outono,13.88,0,0,0.53,56,51
T-shirt,Inverno,126.39,0,0,0.37,30,20
Calças,Verão,16.01,10,0,0.39,44,42
Vestido,Inverno,99.14,30,0,0.57,32,19
Vestido,Verão,27.71,0,1,0.24,70,100
Casaco,Outono,148.17,30,0,0.37,42,49
Sweater,Verão,90.99,50,0,0.41,7,10
Vestido,Inverno,148.15,0,0,0.39,3,8
Sweater,Inverno,59.27,0,0,0.64,74,67
Sweater,Outono,74.8,50,1,0.63,70,94
Saia,Outono,124.83,0,0,0.55,12,18
Vestido,Outono,87.17,0,0,0.47,34,30
Vestido,Verão,118.57,20,0,0.2,98,90
Casaco,Primavera,15.34,10,0,0.56,30,24
Casaco,Primavera,95.47,0,0,0.48,25,18
Calças,Outono,143.15,10,0,0.24,56,56
Vestido,Verão,86.52,0,1,0.6,77,85
Vestido,Verão,64.83,20,1,0.31,82,110
Vestido,Inverno,125.47,50,0,0.26,4,21
Casaco,Primavera,67.53,10,0,0.22,20,19
Sweater,Primavera,149.02,20,1,0.48,28,31
Casaco,Verão,82.11,20,0,0.56,16,9
T-shirt,Verão,63.14,0,0,0.64,104,81
Saia,Inverno,36.16,0,0,0.31,20,2
Vestido,Verão,99.39,20,1,0.35,63,105
Saia,Inverno,136.94,50,0,0.65,6,13
Sweater,Verão,62.97,30,0,0.27,6,16
Casaco,Verão,75.67,10,0,0.46,18,17
Saia,Outono,29.94,10,1,0.49,31,23
Sweater,Primavera,138.74,20,0,0.41,31,14
Casaco,Verão,115.63,0,0,0.61,1,21
Sweater,Inverno,26.2,10,0,0.58,74,80
Calças,Verão,147.9,30,1,0.39,33,54
Sweater,Outono,57.89,0,1,0.43,48,60
Sweater,Verão,74.75,10,1,0.36,14,6
Calças,Primavera,112.74,50,1,0.45,47,73
T-shirt,Outono,69.37,10,0,0.63,39,37
Vestido,Verão,127.27,0,0,0.21,112,63
Saia,Outono,29.72,10,0,0.23,30,24
T-shirt,Inverno,36.9,20,0,0.34,24,20
Sweater,Outono,44.32,20,0,0.32,55,74
Saia,Inverno,67.96,0,1,0.25,11,15
Sweater,Inverno,13.23,10,0,0.4,52,73
Vestido,Primavera,87.43,10,0,0.42,84,66
Calças,Verão,15.14,0,1,0.38,44,49
T-shirt,Outono,25.43,20,0,0.36,44,47
Vestido,Verão,36.71,20,0,0.29,73,85
Calças,Verão,100.16,50,0,0.44,41,54
Sweater,Inverno,76.03,0,0,0.38,47,66
Calças,Inverno,28.8,30,1,0.29,41,72
Calças,Verão,45.16,30,1,0.46,43,52
Sweater,Primavera,18.68,30,1,0.36,37,39
Calças,Inverno,25.88,10,0,0.45,40,42
Casaco,Outono,71.57,20,0,0.47,61,55
T-shirt,Verão,12.43,10,1,0.36,87,123
Casaco,Verão,146.92,20,0,0.53,1,19
Vestido,Verão,118.48,20,0,0.24,82,82
Casaco,Outono,36.32,10,0,0.64,50,54
Saia,Verão,96.37,20,0,0.3,45,72
Sweater,Inverno,104.61,0,0,0.23,98,68
Calças,Outono,40.67,10,1,0.57,60,71
Calças,Inverno,77.88,30,0,0.62,41,57
Casaco,Primavera,109.37,10,1,0.53,23,29
Casaco,Outono,91.12,20,1,0.36,54,81
Vestido,Primavera,112.18,20,0,0.41,101,74
T-shirt,Inverno,127.93,0,0,0.26,15,27
Vestido,Outono,68.79,0,0,0.37,38,39
Casaco,Inverno,140.34,20,0,0.57,59,90
Calças,Outono,21.97,30,0,0.29,44,65
Casaco,Primavera,135.4,0,0,0.38,19,21
Casaco,Primavera,58.71,0,0,0.21,3,19
Saia,Inverno,26.06,30,0,0.62,3,16
T-shirt,Inverno,55.32,10,0,0.46,18,19
Calças,Verão,42.09,0,0,0.46,52,37
Vestido,Verão,137.77,20,0,0.36,96,87
Saia,Inverno,89.99,0,1,0.35,15,14
Vestido,Verão,95.16,0,0,0.55,98,66
Saia,Verão,70.43,0,0,0.47,75,62
Sweater,Verão,134.27,10,1,0.36,5,1
Sweater,Outono,81.51,10,1,0.28,55,78
T-shirt,Primavera,76.93,10,0,0.45,70,59
Calças,Verão,65.51,0,1,0.29,58,47
Vestido,Outono,89.16,10,0,0.23,24,31
Casaco,Inverno,128.83,10,1,0.29,93,92
T-shirt,Verão,118.24,0,1,0.34,80,97
T-shirt,Primavera,142.65,0,1,0.47,65,50
T-shirt,Primavera,68.08,10,0,0.27,68,71
Calças,Primavera,102.76,20,0,0.48,57,50
Calças,Primavera,11.8,0,0,0.46,46,50
T-shirt,Verão,78.25,0,0,0.43,63,84
Calças,Verão,48.97,0,1,0.28,53,50
Casaco,Inverno,139.87,0,0,0.26,94,78
Vestido,Verão,73.98,10,0,0.42,94,89
Sweater,Outono,149.08,10,0,0.57,45,50
Casaco,Primavera,30.59,20,1,0.61,19,22
Saia,Primavera,135.21,0,0,0.46,62,48
T-shirt,Inverno,99.65,10,1,0.35,10,17
Vestido,Verão,109.49,50,1,0.39,96,124
Calças,Primavera,62.29,20,0,0.39,50,53
Saia,Outono,54.13,20,0,0.26,19,36
Vestido,Verão,64.17,0,1,0.42,95,95
Saia,Outono,88.76,10,0,0.33,17,18
Saia,Verão,39.98,10,1,0.23,55,82
T-shirt,Outono,124.54,30,0,0.44,23,46
Saia,Outono,32.03,10,1,0.28,31,30
Calças,Primavera,122.85,0,0,0.29,46,47
T-shirt,Outono,146.01,10,1,0.29,48,45
Vestido,Outono,96.75,30,0,0.25,40,20
Saia,Primavera,149.16,10,0,0.63,49,42
Calças,Inverno,121.89,0,0,0.43,46,47
Calças,Verão,119.62,0,1,0.49,44,49
Calças,Inverno,99.13,0,0,0.48,33,47
Sweater,Verão,62.52,10,0,0.49,19,1
Saia,Verão,107.46,30,1,0.65,69,97
Vestido,Verão,55.62,20,1,0.3,75,112
T-shirt,Primavera,101.54,0,0,0.62,64,53
Vestido,Verão,33.98,20,0,0.3,109,101
Casaco,Verão,17.08,30,0,0.45,4,11
T-shirt,Primavera,92.08,20,0,0.58,44,47
Casaco,Outono,108.83,0,0,0.2,58,57
Calças,Outono,97.96,10,0,0.5,36,49
Calças,Primavera,54.67,30,0,0.26,38,63
Sweater,Outono,66.23,0,0,0.51,60,51
Calças,Outono,110.85,20,0,0.6,51,55
Vestido,Primavera,45.24,10,1,0.27,90,87
Casaco,Primavera,42.62,0,1,0.42,17,15
Sweater,Verão,101.39,0,0,0.58,1,9
T-shirt,Verão,133.61,0,0,0.54,71,55
Calças,Inverno,55.1,20,0,0.52,72,61
Casaco,Inverno,137.69,10,0,0.6,60,74
Vestido,Inverno,143.99,30,0,0.51,24,20
T-shirt,Verão,75.49,0,0,0.36,82,80
Calças,Primavera,36.55,0,1,0.52,61,58
T-shirt,Outono,115.08,50,0,0.47,50,59
Calças,Verão,101.38,10,0,0.6,46,32
Casaco,Verão,22.5,0,0,0.29,3,1
Calças,Outono,138.7,10,1,0.36,57,75
Saia,Outono,96.93,10,1,0.31,27,32
T-shirt,Primavera,100.68,0,0,0.55,68,46
T-shirt,Inverno,75.12,0,0,0.37,20,25
Casaco,Primavera,121.66,20,0,0.43,21,21
Saia,Outono,46.89,30,0,0.49,12,39
Saia,Verão,16.79,20,1,0.5,74,104
Saia,Primavera,24.27,0,0,0.56,67,58
Sweater,Verão,121.73,0,0,0.3,4,5
Saia,Verão,132.35,10,1,0.29,48,96
T-shirt,Inverno,121.25,20,1,0.38,10,24
Casaco,Primavera,39.1,0,0,0.21,34,26
Saia,Primavera,26.0,0,0,0.58,56,42
Calças,Outono,93.18,20,0,0.29,69,65
Casaco,Primavera,110.45,20,0,0.65,6,31
Calças,Verão,70.94,10,1,0.56,32,45
Vestido,Verão,132.67,30,0,0.39,79,90
Casaco,Inverno,23.45,20,1,0.41,74,111
Saia,Primavera,141.49,20,1,0.29,39,72
Calças,Verão,45.27,0,1,0.31,33,45
Calças,Primavera,107.28,20,0,0.21,53,50
Vestido,Primavera,37.69,20,1,0.57,70,93
Saia,Inverno,124.8,0,0,0.54,8,4
Vestido,Verão,34.81,20,0,0.24,87,96
Vestido,Verão,97.06,10,0,0.25,62,67
Vestido,Verão,92.47,10,0,0.62,61,85
Calças,Outono,66.24,0,1,0.23,66,63
T-shirt,Outono,65.05,0,1,0.55,49,32
Saia,Verão,15.46,20,1,0.36,74,99
Sweater,Outono,119.09,10,0,0.24,53,55
T-shirt,Inverno,63.78,30,1,0.5,15,23
T-shirt,Inverno,107.84,30,0,0.5,16,20
Calças,Outono,16.69,20,1,0.36,46,66
Sweater,Inverno,81.72,0,0,0.53,65,69
Vestido,Inverno,57.75,0,1,0.45,15,20
Saia,Outono,96.05,30,0,0.31,36,32
Sweater,Verão,107.95,0,0,0.63,12,1
Saia,Verão,58.21,20,1,0.53,83,91
Calças,Outono,38.74,0,0,0.59,47,50
Casaco,Primavera,46.13,0,1,0.33,21,21
Vestido,Primavera,79.37,30,1,0.46,74,84
T-shirt,Outono,15.79,0,0,0.44,22,34
T-shirt,Inverno,66.1,0,0,0.33,28,18
Vestido,Verão,71.46,20,0,0.28,99,93
Sweater,Outono,55.61,0,0,0.44,46,52
Vestido,Inverno,115.01,0,0,0.36,26,14
Saia,Primavera,48.76,0,0,0.6,40,43
Calças,Verão,47.09,0,0,0.26,46,36
T-shirt,Verão,140.62,20,1,0.25,94,110
Saia,Inverno,119.01,30,1,0.31,9,13
T-shirt,Outono,16.69,0,0,0.26,40,27
Calças,Outono,113.91,20,0,0.25,46,54
Sweater,Verão,141.0,30,0,0.28,2,6
Vestido,Verão,21.78,0,0,0.64,97,92
Calças,Verão,41.01,10,1,0.32,27,52
Casaco,Verão,140.71,10,1,0.59,6,13
T-shirt,Verão,59.41,0,1,0.54,85,97
Saia,Verão,83.05,10,0,0.43,89,83
T-shirt,Primavera,115.17,50,1,0.3,56,91
Calças,Outono,18.56,10,0,0.22,51,51
Saia,Primavera,120.88,50,1,0.42,59,75
T-shirt,Outono,80.75,20,1,0.31,37,51
Casaco,Inverno,117.73,20,1,0.37,62,100
Saia,Primavera,15.21,0,0,0.31,67,53
T-shirt,Primavera,116.65,0,1,0.4,39,61
Calças,Verão,49.41,0,0,0.23,37,29
Calças,Inverno,132.58,30,0,0.32,29,53
Sweater,Primavera,148.7,20,1,0.46,32,31
Calças,Outono,93.34,20,0,0.6,53,54
Casaco,Outono,129.38,10,0,0.44,35,55
Sweater,Inverno,118.96,20,1,0.45,55,101
Casaco,Primavera,63.06,30,0,0.34,23,25
Casaco,Inverno,134.42,0,1,0.4,67,78
Calças,Inverno,69.2,50,0,0.36,49,59
Calças,Primavera,31.92,0,1,0.52,37,56
Saia,Outono,118.91,10,0,0.35,10,26
Sweater,Verão,122.2,10,0,0.32,10,15
Casaco,Inverno,88.93,0,1,0.61,72,83
Saia,Primavera,53.71,30,0,0.49,71,66
Casaco,Outono,98.44,20,1,0.55,55,61
T-shirt,Primavera,145.49,0,0,0.39,48,49
Casaco,Verão,147.28,20,1,0.36,3,11
T-shirt,Verão,30.13,30,0,0.57,81,96
Casaco,Inverno,25.23,30,0,0.53,66,97
Saia,Primavera,85.96,10,0,0.5,59,49
Sweater,Primavera,23.56,0,0,0.65,25,31
Casaco,Outono,93.9,0,1,0.63,47,67
Sweater,Verão,112.85,30,0,0.56,9,3
Sweater,Primavera,96.28,30,1,0.51,33,37
Calças,Verão,121.35,20,0,0.57,40,42
T-shirt,Inverno,43.07,30,0,0.5,9,31
T-shirt,Inverno,133.57,0,0,0.51,22,18
Sweater,Outono,44.11,0,0,0.39,70,49
Casaco,Verão,137.49,50,1,0.61,11,15
Calças,Outono,99.17,20,1,0.49,60,63
Saia,Inverno,63.69,0,1,0.54,13,1
Calças,Primavera,12.25,10,0,0.24,58,54
Casaco,Verão,91.69,0,1,0.36,5,17
Sweater,Outono,64.64,20,0,0.39,55,66
Calças,Primavera,68.83,0,0,0.27,53,46
Calças,Verão,93.98,10,0,0.59,34,34
T-shirt,Verão,12.46,0,0,0.48,71,67
Casaco,Verão,146.35,0,1,0.46,1,1
Vestido,Outono,135.43,0,0,0.42,46,16
Calças,Verão,119.01,10,0,0.64,37,41
Sweater,Primavera,44.31,20,0,0.51,14,35
Casaco,Primavera,50.72,20,1,0.32,28,35
Casaco,Verão,40.8,0,0,0.42,5,6
Casaco,Inverno,130.05,30,0,0.58,75,88
Casaco,Verão,104.34,0,1,0.28,1,9
Vestido,Inverno,43.26,0,0,0.33,9,17
Vestido,Primavera,55.97,10,0,0.37,79,66
Calças,Verão,100.66,50,0,0.64,26,42
T-shirt,Verão,70.57,0,0,0.33,115,79
Casaco,Primavera,69.81,0,0,0.47,15,15
T-shirt,Verão,71.64,10,0,0.59,97,85
Sweater,Primavera,25.62,0,1,0.58,37,34
Casaco,Inverno,105.23,0,1,0.54,77,83
T-shirt,Outono,102.62,10,0,0.48,45,35
T-shirt,Inverno,86.46,20,0,0.65,9,18
T-shirt,Outono,31.78,50,1,0.35,52,66
Sweater,Verão,10.04,20,1,0.43,12,18
Sweater,Outono,65.38,50,1,0.63,46,87
Vestido,Verão,111.41,0,0,0.32,91,76
Sweater,Inverno,71.07,30,0,0.49,106,90
Vestido,Primavera,97.77,10,1,0.38,78,85
Calças,Outono,98.33,0,0,0.41,51,42
Casaco,Inverno,46.01,0,0,0.46,78,78
Saia,Primavera,45.83,0,0,0.47,52,52
Casaco,Outono,73.03,0,0,0.21,78,51
T-shirt,Verão,123.73,30,1,0.61,91,113
Vestido,Primavera,130.55,0,0,0.31,84,66
Vestido,Primavera,131.99,10,0,0.2,48,69
Calças,Outono,65.24,20,0,0.51,64,62
Casaco,Outono,123.83,10,1,0.54,47,70
Casaco,Outono,133.9,0,0,0.33,52,67
Calças,Verão,54.32,20,0,0.55,42,52
Sweater,Inverno,21.17,30,0,0.27,76,92
Sweater,Verão,146.31,10,0,0.53,14,9
Vestido,Primavera,139.79,0,0,0.33,58,45
Calças,Primavera,138.97,0,1,0.41,43,53
Casaco,Primavera,136.09,0,0,0.3,11,20
Calças,Verão,82.36,30,1,0.61,41,54
Casaco,Primavera,121.25,0,1,0.48,33,21
Saia,Verão,135.91,10,0,0.23,85,58
T-shirt,Inverno,55.24,20,0,0.46,23,16
T-shirt,Verão,145.88,50,0,0.25,85,114
Vestido,Outono,108.5,0,0,0.33,33,16
T-shirt,Inverno,81.98,20,0,0.4,4,23
Casaco,Verão,136.3,10,0,0.57,16,8
Vestido,Inverno,19.89,20,0,0.61,12,16
T-shirt,Verão,18.71,10,1,0.29,89,115
Casaco,Primavera,20.95,0,1,0.23,28,23
Vestido,Outono,131.97,0,0,0.24,36,19
Saia,Inverno,136.44,0,0,0.24,16,9
T-shirt,Primavera,73.6,20,1,0.39,74,76
Calças,Verão,72.45,0,0,0.39,44,38
Vestido,Outono,39.92,20,0,0.61,23,40
Casaco,Inverno,22.79,10,0,0.31,85,89
Vestido,Primavera,85.52,10,1,0.45,66,72
Casaco,Inverno,11.08,20,1,0.5,67,105
Casaco,Primavera,49.98,0,0,0.36,21,20
Saia,Primavera,124.9,10,0,0.61,36,46
Sweater,Verão,134.21,20,0,0.48,10,14
T-shirt,Verão,81.1,20,1,0.31,67,112
T-shirt,Inverno,114.02,10,0,0.37,32,14
Saia,Outono,146.19,10,1,0.26,38,33
Sweater,Primavera,144.8,10,1,0.59,17,27
Calças,Inverno,77.28,10,0,0.42,46,58
Calças,Outono,53.35,20,0,0.48,57,53
Saia,Outono,15.59,20,0,0.36,20,30
Casaco,Verão,39.84,10,1,0.35,12,4
Saia,Outono,132.82,0,0,0.24,32,23
Casaco,Verão,29.15,20,0,0.6,1,2
T-shirt,Verão,110.12,30,1,0.47,68,115
Casaco,Outono,49.96,0,0,0.21,70,51
Casaco,Primavera,102.6,0,0,0.4,17,25
Sweater,Verão,24.73,0,1,0.46,1,11
Saia,Verão,21.87,10,0,0.61,72,62
Sweater,Verão,87.61,10,0,0.45,7,10
Saia,Inverno,92.6,10,0,0.62,11,9
Sweater,Verão,129.02,0,0,0.48,1,9
Saia,Inverno,62.36,20,1,0.41,22,17
T-shirt,Inverno,45.91,10,1,0.24,15,29
Calças,Primavera,15.01,20,1,0.48,47,66
Vestido,Inverno,137.76,20,1,0.54,24,17
T-shirt,Outono,65.77,0,0,0.44,36,26
Sweater,Inverno,122.06,10,0,0.27,76,69
Saia,Inverno,18.57,0,0,0.62,10,7
Saia,Primavera,126.2,30,0,0.4,63,55
Vestido,Primavera,14.21,0,1,0.46,77,78
Vestido,Inverno,41.89,0,1,0.28,6,16
Calças,Verão,97.82,0,0,0.46,38,41
Calças,Primavera,144.82,0,0,0.5,66,46
T-shirt,Inverno,77.13,0,0,0.3,13,19
T-shirt,Verão,47.54,0,0,0.23,62,76
Saia,Inverno,24.45,10,0,0.56,5,20
Casaco,Inverno,23.75,10,0,0.41,93,88
T-shirt,Inverno,12.33,20,0,0.2,12,20
Casaco,Inverno,85.22,30,0,0.64,76,88
Calças,Primavera,65.7,20,1,0.52,41,60
Calças,Verão,83.63,0,0,0.29,32,39
Saia,Inverno,124.78,50,0,0.47,15,1
Vestido,Primavera,13.23,50,1,0.54,92,108
Vestido,Verão,135.82,0,0,0.45,74,46
Vestido,Inverno,83.25,0,0,0.38,9,15
Calças,Primavera,63.15,0,0,0.56,59,45
Vestido,Outono,110.62,10,0,0.56,27,34
Saia,Inverno,15.15,20,0,0.37,23,9
Casaco,Verão,51.35,0,1,0.36,24,8
Sweater,Inverno,101.16,10,0,0.44,80,67
Saia,Verão,12.05,10,0,0.55,84,75
T-shirt,Inverno,59.32,10,0,0.36,17,14
Sweater,Outono,34.9,0,0,0.52,57,58
Calças,Inverno,93.49,0,0,0.46,43,44
Calças,Primavera,73.04,10,0,0.6,66,53
Saia,Verão,114.16,10,0,0.26,49,55
Vestido,Verão,26.05,20,0,0.35,66,87
Casaco,Inverno,47.48,0,0,0.27,95,73
T-shirt,Outono,56.63,10,0,0.42,24,37
T-shirt,Outono,25.49,0,0,0.64,41,47
Calças,Outono,19.06,0,1,0.38,44,67
Vestido,Outono,87.77,0,0,0.4,49,17
Calças,Verão,19.17,30,1,0.34,42,54
Saia,Verão,115.98,10,0,0.59,93,61
Vestido,Inverno,71.44,30,0,0.51,13,12
Calças,Inverno,29.55,10,0,0.39,62,46
Calças,Outono,85.97,30,0,0.65,49,69
Saia,Inverno,29.5,0,1,0.37,10,11
Sweater,Inverno,64.38,0,0,0.36,84,71
Vestido,Primavera,132.34,10,0,0.65,77,59
T-shirt,Inverno,64.11,0,0,0.2,23,16
T-shirt,Verão,98.89,10,1,0.6,102,109
Sweater,Verão,80.78,20,0,0.58,3,8
Saia,Inverno,103.76,30,1,0.44,34,9
Calças,Verão,67.4,20,0,0.45,57,44
Vestido,Inverno,75.54,30,1,0.6,15,2
Saia,Inverno,88.69,50,0,0.52,21,13
Saia,Primavera,67.63,0,0,0.53,60,39
Calças,Inverno,106.7,50,0,0.48,52,60
Casaco,Primavera,123.03,20,1,0.6,7,24
Calças,Inverno,72.76,0,1,0.64,55,53
Saia,Outono,54.94,0,0,0.45,12,26
T-shirt,Inverno,42.1,0,1,0.52,11,28
T-shirt,Inverno,27.38,10,0,0.38,1,13
Saia,Outono,16.35,0,1,0.37,18,16
Sweater,Outono,143.1,0,0,0.47,73,51
T-shirt,Inverno,143.24,20,0,0.28,7,24
Saia,Outono,28.23,10,0,0.22,32,17
Sweater,Primavera,60.59,0,0,0.59,24,16
Sweater,Verão,43.22,10,1,0.23,7,13
T-shirt,Inverno,85.32,30,0,0.54,31,24
Saia,Primavera,132.79,0,0,0.59,51,43
T-shirt,Outono,45.4,0,1,0.63,49,58
Casaco,Primavera,49.47,0,1,0.36,7,23
Vestido,Primavera,99.84,30,1,0.25,61,107
Vestido,Inverno,91.54,10,0,0.29,24,11
Calças,Verão,70.9,0,1,0.6,33,50
Saia,Outono,57.64,10,1,0.49,18,21
T-shirt,Outono,115.78,10,0,0.43,53,40
Casaco,Verão,120.32,20,0,0.22,4,16
Casaco,Inverno,148.91,30,0,0.34,64,74
Saia,Primavera,11.61,20,1,0.57,76,78
Sweater,Inverno,117.56,10,1,0.52,82,84
Saia,Primavera,110.43,20,0,0.36,62,51
Calças,Outono,12.47,0,0,0.25,53,49
Sweater,Verão,75.4,0,1,0.61,20,7
Calças,Outono,118.14,50,1,0.32,47,85
Sweater,Verão,32.59,20,1,0.61,11,15
Saia,Primavera,72.99,20,1,0.32,60,87
Vestido,Primavera,110.0,0,0,0.36,68,55
Saia,Verão,138.78,10,0,0.45,62,51
Saia,Verão,90.22,50,1,0.2,67,118
T-shirt,Inverno,98.07,0,0,0.56,25,8
Sweater,Verão,79.58,0,1,0.49,15,13
Saia,Primavera,99.56,10,0,0.38,51,51
Vestido,Primavera,119.4,20,1,0.61,52,75
Casaco,Outono,119.32,20,0,0.51,58,57
Calças,Outono,24.69,30,0,0.37,47,63
Vestido,Verão,76.45,30,0,0.39,76,94
Saia,Primavera,43.85,0,0,0.51,60,50
T-shirt,Outono,88.5,20,0,0.55,32,36
Saia,Verão,115.69,10,0,0.26,87,76
Casaco,Inverno,113.18,0,0,0.28,67,70
Sweater,Primavera,122.78,50,0,0.63,29,35
Casaco,Primavera,108.51,0,1,0.25,1,14
T-shirt,Primavera,66.17,10,0,0.22,64,60
Saia,Inverno,37.8,10,0,0.4,1,8
Saia,Primavera,79.15,0,0,0.2,48,44
T-shirt,Inverno,61.45,20,1,0.51,19,22
Calças,Inverno,100.4,10,0,0.52,54,40
Sweater,Primavera,90.99,0,0,0.65,24,24
T-shirt,Primavera,83.61,30,0,0.23,65,63
Saia,Primavera,106.74,30,0,0.55,65,73
Casaco,Inverno,108.07,0,1,0.63,87,92
Calças,Inverno,86.6,30,0,0.23,63,61
Casaco,Inverno,122.63,30,0,0.42,68,89
Saia,Verão,39.32,10,0,0.26,56,66
Sweater,Inverno,110.21,20,1,0.36,94,94
T-shirt,Outono,28.03,0,1,0.63,29,39
T-shirt,Verão,30.97,10,1,0.36,110,114
Saia,Inverno,64.3,20,1,0.64,1,10
Vestido,Primavera,78.95,0,1,0.44,78,88
Casaco,Inverno,115.07,0,0,0.58,77,63
Sweater,Outono,111.39,20,1,0.64,58,79
Casaco,Inverno,106.13,50,0,0.53,63,86
T-shirt,Outono,61.37,20,1,0.6,32,54
Sweater,Inverno,126.79,10,0,0.44,77,66
Sweater,Inverno,72.4,30,0,0.29,93,92
Sweater,Verão,115.33,20,0,0.5,18,2
Casaco,Inverno,19.3,10,0,0.46,81,85
Sweater,Outono,56.19,30,0,0.22,47,67
T-shirt,Primavera,115.79,0,1,0.37,59,61
Vestido,Verão,98.53,10,0,0.64,68,67
Sweater,Primavera,59.69,0,1,0.36,13,24
Calças,Inverno,17.55,10,0,0.35,47,59
Casaco,Inverno,126.44,30,0,0.42,95,92
Saia,Primavera,36.95,10,1,0.34,35,75
T-shirt,Inverno,30.68,0,0,0.36,13,14
Calças,Outono,56.86,0,0,0.4,72,55
Calças,Outono,105.74,30,0,0.39,61,61
T-shirt,Outono,141.52,10,1,0.5,42,41
Saia,Outono,68.01,10,1,0.51,23,23
Sweater,Verão,110.73,50,0,0.24,10,18
Saia,Outono,146.4,20,0,0.61,18,7
Saia,Inverno,102.33,0,1,0.27,1,13
Vestido,Outono,131.85,10,0,0.43,15,24
Calças,Primavera,55.44,0,0,0.54,54,48
Vestido,Verão,121.65,0,0,0.3,77,74
Casaco,Verão,24.59,20,1,0.43,1,4
Vestido,Inverno,146.95,0,0,0.54,11,20
T-shirt,Outono,26.73,0,0,0.56,31,33
Vestido,Primavera,57.25,10,0,0.49,82,64
T-shirt,Primavera,103.9,10,1,0.47,48,66
Calças,Verão,127.58,10,1,0.49,50,53
Vestido,Primavera,11.61,10,0,0.5,65,78
Vestido,Verão,33.12,50,0,0.41,52,120
Casaco,Inverno,125.78,0,1,0.46,94,88
Casaco,Inverno,133.64,20,0,0.48,78,78
Sweater,Inverno,109.24,50,0,0.24,72,99
Vestido,Primavera,70.8,0,1,0.35,81,72
Saia,Verão,24.04,0,0,0.41,89,63
T-shirt,Verão,104.32,30,0,0.61,95,94
Calças,Verão,13.92,10,1,0.54,32,50
Saia,Outono,56.07,20,1,0.37,23,25
Saia,Verão,145.75,0,0,0.54,99,67
Casaco,Verão,31.43,50,0,0.48,25,13
Saia,Outono,102.27,20,0,0.56,12,29
Sweater,Verão,83.63,0,0,0.5,4,6
Saia,Inverno,114.19,30,0,0.38,16,5
Casaco,Primavera,80.02,20,0,0.56,16,12
Sweater,Primavera,128.71,10,0,0.58,35,25
T-shirt,Inverno,10.65,0,1,0.27,21,27
Vestido,Inverno,49.44,0,1,0.31,5,24
Saia,Outono,103.2,0,0,0.29,18,22
Sweater,Outono,137.59,10,0,0.63,53,53
Vestido,Outono,117.09,10,1,0.58,36,33
Vestido,Primavera,131.37,10,0,0.21,87,68
Saia,Outono,110.27,20,1,0.33,26,27
Casaco,Inverno,103.59,20,0,0.27,79,79
Vestido,Outono,139.56,0,0,0.51,32,8
Sweater,Verão,99.98,0,0,0.58,8,11
Vestido,Outono,39.08,10,0,0.55,39,30
Calças,Verão,40.8,10,0,0.4,38,38
Sweater,Verão,111.71,30,0,0.53,13,2
Vestido,Inverno,77.36,20,1,0.58,1,15
Casaco,Inverno,78.63,0,0,0.26,77,67
Saia,Outono,118.76,20,0,0.58,32,25
Vestido,Verão,83.47,0,0,0.47,66,74
Calças,Outono,130.5,30,0,0.5,46,58
Sweater,Outono,105.72,20,0,0.52,65,57
Saia,Outono,75.48,0,0,0.52,2,27
T-shirt,Outono,130.67,0,0,0.53,33,37
Saia,Primavera,16.32,0,0,0.57,78,52
Calças,Verão,145.43,20,0,0.52,39,37
Sweater,Primavera,128.65,30,0,0.62,24,30
Sweater,Outono,118.82,10,1,0.62,70,60
Vestido,Verão,60.99,0,1,0.22,80,97
T-shirt,Verão,83.18,20,0,0.61,85,84
Sweater,Primavera,35.95,20,0,0.29,26,31
Casaco,Outono,53.71,20,0,0.55,62,67
Vestido,Primavera,23.96,20,1,0.49,76,83
Vestido,Inverno,113.09,50,0,0.46,16,22
Calças,Outono,69.82,10,0,0.57,71,60
Saia,Primavera,45.31,0,0,0.24,45,48
Calças,Inverno,143.55,0,0,0.6,63,45
Calças,Primavera,132.87,10,1,0.44,45,62
T-shirt,Inverno,15.62,0,1,0.31,38,31
Calças,Primavera,118.63,10,1,0.51,48,53
Vestido,Verão,32.49,50,0,0.39,69,113
Sweater,Primavera,114.41,0,0,0.56,17,19
Calças,Outono,107.86,0,1,0.61,54,52
Calças,Outono,127.14,20,0,0.53,65,51
Sweater,Primavera,81.91,10,0,0.5,28,26
Sweater,Inverno,78.79,20,0,0.25,57,82
Calças,Verão,88.92,50,0,0.51,46,48
Sweater,Outono,53.1,30,0,0.53,64,62
T-shirt,Outono,29.38,20,0,0.2,29,39
T-shirt,Outono,135.93,20,1,0.61,47,42
T-shirt,Inverno,80.9,30,0,0.49,17,18
Sweater,Inverno,36.35,10,0,0.43,57,73
Calças,Outono,58.05,30,1,0.54,47,67
Sweater,Outono,138.63,0,1,0.54,39,64
Sweater,Inverno,138.25,10,0,0.33,67,62
Saia,Inverno,67.26,20,0,0.63,1,8
Saia,Verão,123.45,20,1,0.56,72,93
T-shirt,Verão,118.68,0,1,0.27,98,94
Vestido,Primavera,34.43,10,0,0.33,88,69
Saia,Outono,44.37,0,1,0.61,20,25
Saia,Outono,46.84,20,1,0.4,24,48
Casaco,Inverno,113.84,0,0,0.63,93,74
T-shirt,Verão,142.48,50,1,0.2,107,131
Sweater,Verão,15.51,10,1,0.31,9,23
Sweater,Inverno,36.36,0,0,0.38,59,62
Vestido,Inverno,70.08,10,1,0.25,12,27
Vestido,Verão,74.9,0,1,0.44,89,101
T-shirt,Primavera,19.59,30,0,0.34,61,65
Vestido,Outono,56.12,10,1,0.39,15,35
Sweater,Verão,69.61,0,0,0.65,18,7
Calças,Primavera,74.95,0,0,0.45,60,51
T-shirt,Inverno,72.34,50,0,0.31,31,19
Vestido,Primavera,96.51,0,0,0.61,89,75
Calças,Outono,36.49,0,1,0.28,77,70
T-shirt,Outono,144.19,0,0,0.29,37,25
Sweater,Outono,87.53,0,1,0.55,41,63
Calças,Primavera,113.22,30,0,0.41,44,42
Casaco,Primavera,110.08,10,1,0.32,29,29
Saia,Verão,73.08,10,0,0.53,88,82
Calças,Outono,29.3,50,0,0.45,65,78
Vestido,Primavera,83.71,0,0,0.52,52,73
Calças,Outono,84.7,0,0,0.6,50,45
Saia,Verão,128.95,20,0,0.39,60,72
Calças,Primavera,36.09,0,0,0.53,42,45
Sweater,Inverno,140.02,20,0,0.44,80,76
T-shirt,Inverno,67.01,0,0,0.27,16,16
Casaco,Primavera,133.49,0,1,0.49,24,21
Vestido,Primavera,126.88,10,0,0.4,55,54
Casaco,Verão,32.64,0,0,0.35,4,13
T-shirt,Inverno,60.84,0,0,0.53,22,20
T-shirt,Primavera,107.04,0,0,0.33,71,51
Casaco,Verão,140.91,0,0,0.4,7,8
Sweater,Inverno,34.8,0,1,0.45,56,85
T-shirt,Primavera,11.93,10,0,0.33,49,68
Sweater,Verão,106.37,50,0,0.49,17,13
Saia,Inverno,122.18,20,0,0.49,23,17
Saia,Outono,138.22,20,0,0.54,25,22
Saia,Verão,33.61,0,0,0.46,81,59
Vestido,Primavera,12.09,20,1,0.3,56,86
Vestido,Outono,81.59,0,0,0.54,27,36
Sweater,Inverno,114.89,0,1,0.52,73,78
T-shirt,Inverno,27.71,10,1,0.47,17,32
Vestido,Verão,111.37,10,0,0.52,90,74
Vestido,Outono,81.06,0,0,0.22,35,10
Calças,Verão,49.79,30,0,0.51,54,47
Saia,Inverno,79.13,10,0,0.4,13,11
Saia,Primavera,55.85,10,0,0.55,53,60
T-shirt,Inverno,32.81,0,0,0.39,14,18
Vestido,Verão,63.76,10,0,0.38,85,83
Saia,Primavera,45.18,0,0,0.55,69,53
T-shirt,Primavera,133.91,0,0,0.38,38,40
Saia,Primavera,31.32,0,0,0.59,53,43
Casaco,Outono,36.79,0,0,0.26,56,62
Calças,Inverno,137.78,10,0,0.35,52,40
Casaco,Outono,70.89,10,0,0.36,42,53
Calças,Primavera,26.72,0,0,0.31,35,48
Casaco,Primavera,67.34,0,0,0.51,18,13
Saia,Outono,116.58,20,1,0.23,14,32
T-shirt,Verão,32.44,10,0,0.4,88,90
Calças,Verão,133.98,20,0,0.2,52,42
Saia,Inverno,107.19,0,1,0.35,4,3
Calças,Outono,61.56,20,0,0.47,63,57
Sweater,Outono,88.73,0,0,0.3,76,55
T-shirt,Inverno,22.11,20,1,0.61,26,32
Vestido,Verão,88.6,10,0,0.58,84,74
Vestido,Outono,119.15,30,0,0.43,14,29
Vestido,Inverno,47.7,10,1,0.33,21,19
Saia,Verão,41.25,0,0,0.56,83,66
Vestido,Inverno,36.84,30,0,0.53,16,17
Casaco,Primavera,60.42,0,0,0.64,14,9
Saia,Verão,77.69,20,1,0.25,72,95
Sweater,Inverno,77.53,20,0,0.44,88,79
Saia,Inverno,75.9,50,0,0.2,23,23
T-shirt,Inverno,89.56,0,0,0.29,18,13
T-shirt,Primavera,107.43,10,0,0.63,75,47
T-shirt,Inverno,23.44,10,0,0.38,18,19
Casaco,Primavera,15.98,10,1,0.29,12,31
Sweater,Verão,105.88,10,0,0.48,1,1
Casaco,Verão,87.44,0,0,0.41,1,6
Saia,Outono,79.95,20,0,0.51,31,24
Saia,Inverno,145.02,0,0,0.41,5,11
T-shirt,Verão,90.54,0,0,0.42,89,75
Saia,Outono,21.48,10,1,0.25,8,22
Sweater,Inverno,91.99,10,0,0.34,65,62
Calças,Primavera,104.57,0,0,0.4,27,40
Calças,Outono,137.54,0,0,0.57,43,45
Calças,Outono,105.99,30,0,0.4,60,56
Sweater,Inverno,88.01,10,1,0.4,83,90
Sweater,Inverno,93.49,10,1,0.33,76,88
Casaco,Primavera,114.58,10,0,0.45,19,27
Saia,Inverno,147.91,0,0,0.4,2,9
Sweater,Verão,60.24,20,0,0.38,1,14
Casaco,Verão,46.57,0,1,0.51,14,1
Vestido,Primavera,42.52,0,0,0.38,68,74
Saia,Primavera,119.97,0,0,0.47,51,48
Saia,Verão,91.63,0,0,0.29,64,49
Casaco,Verão,26.47,10,0,0.61,18,17
T-shirt,Primavera,21.86,20,0,0.4,62,69
Calças,Inverno,61.29,10,0,0.63,52,50
Calças,Outono,84.16,50,1,0.46,60,85
T-shirt,Inverno,114.26,0,0,0.61,16,14
Calças,Outono,18.71,0,0,0.34,62,56
Vestido,Inverno,24.34,20,0,0.24,6,10
Vestido,Verão,136.3,0,0,0.46,96,65
Casaco,Inverno,46.69,30,1,0.32,96,110
Calças,Verão,44.61,20,1,0.36,34,48
Vestido,Outono,125.21,10,0,0.33,1,13
Vestido,Outono,94.55,10,0,0.65,31,35
Saia,Outono,83.09,0,0,0.61,22,18
Saia,Inverno,97.34,20,0,0.57,13,13
Vestido,Inverno,12.82,0,0,0.4,29,15
Casaco,Verão,57.54,30,0,0.56,9,15
Casaco,Primavera,22.53,10,1,0.59,11,11
Sweater,Inverno,112.2,0,0,0.5,76,59
Saia,Primavera,68.03,0,0,0.34,52,52
Sweater,Verão,13.74,30,0,0.63,7,9
Sweater,Inverno,13.75,0,0,0.5,78,62
T-shirt,Outono,115.8,20,0,0.47,39,38
Sweater,Verão,23.93,10,1,0.34,6,15
Saia,Outono,117.21,10,0,0.53,26,19
Casaco,Inverno,103.65,10,0,0.54,89,80
Saia,Inverno,99.55,10,0,0.39,24,9
Saia,Outono,79.07,0,0,0.55,24,34
Saia,Outono,121.46,0,0,0.29,13,51
Casaco,Inverno,114.27,20,0,0.48,98,71
T-shirt,Primavera,37.01,30,0,0.34,46,71
Sweater,Primavera,126.0,20,0,0.62,40,25
Sweater,Inverno,92.31,0,0,0.24,70,67
Casaco,Inverno,87.8,10,0,0.51,70,65
Saia,Outono,16.98,20,0,0.23,13,23
Saia,Inverno,149.89,20,0,0.58,1,12
Calças,Primavera,135.0,10,0,0.37,61,47
Vestido,Verão,109.77,30,1,0.33,96,97
Vestido,Verão,65.49,10,0,0.47,99,83
Calças,Verão,92.48,10,0,0.3,34,46
Saia,Outono,134.34,0,1,0.34,27,25
Saia,Outono,84.21,0,0,0.3,27,26
Calças,Primavera,147.89,30,0,0.44,63,64
T-shirt,Primavera,42.91,30,0,0.47,42,56
Calças,Inverno,118.96,0,0,0.46,51,46
Casaco,Primavera,19.8,10,1,0.53,22,29
Vestido,Verão,12.0,0,1,0.58,85,94
Sweater,Outono,119.08,10,0,0.44,49,60
T-shirt,Inverno,63.43,20,0,0.4,23,38
Calças,Verão,93.14,30,0,0.6,44,33
Saia,Verão,42.22,20,0,0.27,70,72
Vestido,Outono,76.19,0,0,0.56,42,34
T-shirt,Primavera,23.87,30,1,0.51,54,80
T-shirt,Primavera,137.82,10,0,0.32,47,53
Casaco,Inverno,135.65,10,0,0.65,79,70
Calças,Primavera,80.43,0,0,0.36,54,50
T-shirt,Outono,96.3,10,0,0.51,40,29
Casaco,Primavera,50.7,0,0,0.6,19,31
Calças,Primavera,57.68,20,0,0.45,45,49
Calças,Primavera,35.01,0,0,0.62,59,42
Saia,Inverno,46.96,30,0,0.47,7,1
Saia,Verão,119.43,0,1,0.62,55,69
Sweater,Outono,68.27,20,0,0.39,68,66
T-shirt,Verão,125.03,10,0,0.33,74,85
Sweater,Outono,90.49,30,0,0.35,49,64
Sweater,Inverno,71.06,0,0,0.58,74,71
T-shirt,Outono,109.3,10,0,0.61,36,45
Sweater,Primavera,111.3,10,0,0.48,19,25
Casaco,Verão,123.18,10,0,0.62,5,8
Calças,Inverno,131.07,0,0,0.35,42,54
Casaco,Inverno,53.17,10,0,0.35,73,84
T-shirt,Primavera,22.76,0,0,0.61,71,57
Vestido,Outono,131.01,20,0,0.34,23,37
Calças,Primavera,133.41,30,0,0.53,48,56
Casaco,Primavera,128.14,30,0,0.58,31,24
Calças,Outono,58.15,20,0,0.59,51,61
Casaco,Inverno,119.21,30,1,0.58,89,107
Casaco,Primavera,73.35,30,0,0.63,14,16
Calças,Primavera,38.86,0,0,0.5,69,56
T-shirt,Verão,32.65,20,1,0.48,75,119
Sweater,Outono,103.25,30,0,0.33,43,58
Casaco,Verão,35.01,0,0,0.41,15,12
Saia,Outono,145.06,0,0,0.55,29,25
Calças,Outono,16.28,10,0,0.55,48,56
T-shirt,Outono,29.56,0,0,0.56,55,42
T-shirt,Primavera,60.67,0,1,0.27,49,70
T-shirt,Inverno,74.36,10,0,0.64,10,27
Sweater,Inverno,116.74,0,1,0.23,69,87
Vestido,Inverno,33.35,20,0,0.51,4,10
Sweater,Inverno,32.63,10,1,0.5,60,88
Sweater,Inverno,32.28,20,0,0.62,86,83
T-shirt,Primavera,55.0,0,0,0.57,41,46
Calças,Verão,140.67,0,0,0.61,33,32
Vestido,Outono,80.46,20,0,0.32,36,33
Saia,Outono,18.11,30,0,0.39,38,25
Sweater,Verão,68.38,20,1,0.55,14,17
T-shirt,Primavera,85.33,0,0,0.63,69,57
Saia,Inverno,20.35,20,0,0.28,5,11
T-shirt,Primavera,64.73,0,0,0.46,61,54
Saia,Inverno,91.49,20,0,0.27,16,17
Casaco,Inverno,97.78,30,0,0.45,90,85
T-shirt,Outono,66.97,30,1,0.64,56,40
T-shirt,Outono,87.23,0,0,0.43,28,35
Saia,Outono,122.65,10,1,0.35,33,34
Calças,Primavera,147.86,10,1,0.43,37,52
Casaco,Verão,73.36,0,0,0.3,23,14
Vestido,Primavera,136.18,10,0,0.2,90,69
Saia,Inverno,59.37,0,0,0.22,15,7
Calças,Inverno,72.61,0,0,0.65,48,55
Vestido,Outono,55.7,0,0,0.64,22,25
Saia,Inverno,141.2,30,0,0.28,4,12
Vestido,Outono,119.31,0,1,0.22,19,40
T-shirt,Inverno,78.61,0,1,0.5,13,19
Calças,Verão,85.36,0,1,0.49,38,51
Casaco,Verão,10.39,0,0,0.51,7,1
Calças,Inverno,17.56,30,0,0.48,45,63
Vestido,Outono,108.19,0,0,0.35,32,38
Calças,Inverno,132.84,0,1,0.63,57,56
T-shirt,Inverno,46.35,10,0,0.64,26,5
T-shirt,Inverno,133.51,20,0,0.4,34,22
Casaco,Verão,19.72,10,0,0.35,15,9
Casaco,Primavera,42.11,10,1,0.23,16,31
Sweater,Inverno,12.1,0,0,0.21,69,72
Calças,Outono,134.24,10,1,0.2,50,61
Sweater,Primavera,96.54,0,0,0.28,18,21
Calças,Outono,115.01,10,0,0.4,62,50
Sweater,Inverno,100.73,0,0,0.38,79,59
Saia,Primavera,91.79,10,1,0.21,35,62
Saia,Inverno,124.15,20,1,0.5,6,7
T-shirt,Outono,146.55,50,1,0.48,39,60
Casaco,Outono,129.66,0,1,0.43,77,55
Sweater,Inverno,23.28,30,0,0.64,74,84
Vestido,Primavera,50.06,0,1,0.56,59,79
Sweater,Verão,125.53,10,0,0.42,10,6
Calças,Primavera,58.35,10,1,0.37,51,65
Saia,Primavera,19.86,30,0,0.35,55,68
T-shirt,Verão,109.46,0,0,0.42,79,70
Vestido,Primavera,106.58,0,1,0.3,45,71
T-shirt,Primavera,148.92,10,0,0.59,44,50
Sweater,Verão,30.31,30,1,0.21,16,22
Saia,Inverno,90.17,10,1,0.3,2,22
Saia,Primavera,54.22,10,0,0.31,41,53
Calças,Primavera,44.36,20,0,0.4,56,60
T-shirt,Primavera,56.15,0,1,0.59,67,75
Calças,Inverno,38.01,10,1,0.2,56,62
Casaco,Verão,106.15,0,0,0.46,11,2
Casaco,Primavera,32.66,10,1,0.21,19,18
Vestido,Primavera,49.45,10,0,0.31,75,75
Calças,Outono,57.4,20,0,0.53,67,57
Vestido,Verão,108.25,0,1,0.48,88,104
Vestido,Primavera,65.09,20,1,0.32,79,97
Saia,Inverno,41.33,10,0,0.52,13,8
T-shirt,Outono,63.68,0,0,0.35,42,40
Calças,Primavera,58.67,10,1,0.34,65,64
Casaco,Primavera,109.17,10,1,0.31,16,37
Saia,Verão,130.68,20,0,0.64,84,69
Sweater,Outono,29.46,10,0,0.5,50,54
Saia,Primavera,33.87,0,0,0.54,65,44
Saia,Inverno,140.68,0,0,0.29,31,1
Casaco,Verão,123.46,0,0,0.47,12,1
Calças,Verão,47.2,0,1,0.6,59,37
Calças,Verão,34.2,20,1,0.55,32,48
T-shirt,Inverno,35.11,30,0,0.46,12,22
T-shirt,Outono,34.16,20,1,0.27,65,56
Vestido,Primavera,80.69,0,1,0.46,66,86
Sweater,Outono,92.66,20,0,0.45,59,58
Calças,Outono,109.64,10,1,0.33,62,74
Vestido,Outono,45.98,50,0,0.35,19,45
Sweater,Outono,68.01,10,0,0.43,72,62
Vestido,Primavera,121.96,0,0,0.63,91,59
Calças,Outono,95.49,10,1,0.3,41,71
Casaco,Outono,54.08,0,1,0.51,63,64
Casaco,Inverno,42.57,20,0,0.5,75,86
Saia,Verão,87.31,10,0,0.49,70,67
Casaco,Verão,141.27,0,0,0.27,5,6
Calças,Outono,12.61,10,0,0.35,63,55
Casaco,Outono,130.76,0,1,0.41,53,55
Calças,Outono,25.33,20,0,0.59,64,51
Vestido,Primavera,76.53,0,0,0.25,94,67
Vestido,Verão,12.01,20,1,0.44,95,109
Saia,Primavera,146.17,30,1,0.62,48,73
T-shirt,Verão,113.1,0,0,0.21,113,76
Saia,Primavera,20.1,0,0,0.63,48,56
Vestido,Verão,131.43,10,1,0.46,101,98
Calças,Inverno,33.34,10,1,0.56,57,56
Calças,Outono,42.57,0,0,0.29,50,48
Sweater,Outono,40.84,10,0,0.62,53,62
Saia,Primavera,44.59,0,1,0.3,72,62
Vestido,Inverno,145.08,10,0,0.34,1,10
Saia,Verão,110.48,30,1,0.48,50,93
Casaco,Verão,119.11,20,1,0.53,13,11
Saia,Primavera,136.69,0,0,0.57,36,46
Casaco,Primavera,121.97,0,1,0.29,11,23
T-shirt,Verão,37.79,0,0,0.24,91,94
Casaco,Verão,78.64,10,1,0.36,11,12
Vestido,Inverno,41.39,10,1,0.59,14,24
Calças,Outono,104.52,10,0,0.46,38,46
Casaco,Primavera,55.06,30,0,0.54,8,19
Vestido,Verão,96.44,10,0,0.41,96,83
Vestido,Outono,95.35,10,0,0.46,25,32
T-shirt,Verão,88.76,0,0,0.48,87,79
Casaco,Inverno,17.91,10,0,0.49,92,84
Calças,Inverno,127.26,10,1,0.34,50,60
Calças,Primavera,130.61,20,0,0.36,38,46
Vestido,Primavera,116.22,20,0,0.25,92,79
Vestido,Primavera,112.77,0,0,0.23,39,62
Saia,Primavera,147.76,20,0,0.63,63,48
Casaco,Inverno,40.63,20,0,0.42,56,77
Saia,Primavera,117.33,0,1,0.62,54,49
Vestido,Inverno,94.65,20,0,0.36,17,9
Casaco,Outono,18.52,20,1,0.5,37,64
T-shirt,Inverno,26.19,20,0,0.65,16,9
Calças,Primavera,82.42,30,0,0.59,46,51
Casaco,Inverno,136.18,0,0,0.59,100,63
Saia,Inverno,119.49,0,0,0.42,32,19
Saia,Primavera,105.23,10,1,0.33,59,56
Sweater,Verão,117.26,0,0,0.22,12,17
Sweater,Inverno,106.72,0,0,0.4,88,71
T-shirt,Inverno,99.08,20,0,0.41,11,25
Sweater,Verão,35.2,0,1,0.31,14,13
T-shirt,Primavera,16.13,20,0,0.41,56,74
T-shirt,Outono,40.31,10,0,0.35,40,45
T-shirt,Outono,83.99,10,0,0.52,35,42
Vestido,Verão,68.64,20,0,0.32,100,100
Sweater,Verão,139.78,20,0,0.47,15,9
T-shirt,Outono,125.94,30,0,0.57,30,49
Calças,Primavera,100.55,10,0,0.53,55,48
Casaco,Verão,53.46,10,0,0.65,23,5
Sweater,Outono,17.21,0,0,0.48,49,65
Vestido,Primavera,41.11,0,1,0.52,77,83
Casaco,Outono,46.41,30,0,0.25,47,70
Vestido,Inverno,48.94,0,0,0.3,13,18
Saia,Inverno,61.1,10,0,0.51,7,16
Vestido,Verão,99.27,50,0,0.65,127,106
T-shirt,Inverno,53.7,50,0,0.28,20,23
T-shirt,Inverno,102.44,20,0,0.22,16,15
Saia,Outono,130.43,10,0,0.49,16,12
T-shirt,Primavera,92.08,0,1,0.22,77,68
T-shirt,Primavera,115.0,10,0,0.56,60,51
Vestido,Outono,16.84,30,0,0.33,43,43
Saia,Primavera,41.71,10,0,0.38,44,48
Sweater,Primavera,61.78,0,0,0.37,26,22
Vestido,Verão,103.63,10,0,0.51,87,76
Sweater,Verão,102.32,50,0,0.54,9,16
T-shirt,Primavera,29.94,0,1,0.25,40,82
Vestido,Outono,71.7,20,1,0.42,31,25
Vestido,Primavera,78.9,0,0,0.63,76,67
Casaco,Outono,127.4,0,0,0.4,61,46
Calças,Primavera,119.61,20,1,0.4,49,65
Casaco,Outono,56.52,0,0,0.49,88,44
T-shirt,Outono,116.63,10,1,0.39,20,49
T-shirt,Primavera,127.49,10,1,0.41,66,68
Saia,Inverno,19.97,10,1,0.64,13,17
Casaco,Inverno,102.2,10,0,0.54,61,67
Sweater,Verão,74.22,10,0,0.27,1,6
Casaco,Primavera,110.55,0,1,0.58,20,15
Sweater,Verão,37.8,0,1,0.35,16,11
T-shirt,Verão,134.92,10,0,0.35,71,93
T-shirt,Outono,78.83,10,0,0.56,43,35
Calças,Primavera,120.06,30,1,0.31,46,55
Vestido,Outono,54.21,30,1,0.47,37,54
Casaco,Inverno,72.87,30,1,0.42,68,118
Sweater,Verão,143.59,20,1,0.24,8,15
Saia,Outono,28.47,30,0,0.36,20,36
Vestido,Outono,11.44,20,1,0.39,36,27
T-shirt,Verão,94.21,20,0,0.48,103,103
Calças,Outono,144.95,10,0,0.25,44,44
Calças,Primavera,137.8,10,0,0.56,37,35
Calças,Inverno,77.9,0,1,0.35,55,62
T-shirt,Outono,109.51,30,0,0.62,29,49
Saia,Inverno,21.12,0,0,0.3,1,1
T-shirt,Verão,131.63,10,0,0.43,101,79
Casaco,Outono,143.56,10,1,0.34,56,51
Casaco,Primavera,139.69,0,0,0.52,13,8
Casaco,Primavera,73.05,20,0,0.6,19,9
Vestido,Outono,35.64,30,0,0.49,40,32
Calças,Primavera,87.51,0,1,0.52,57,64
T-shirt,Outono,69.33,0,1,0.46,27,44
T-shirt,Verão,84.8,50,1,0.24,87,144
T-shirt,Inverno,102.75,0,1,0.6,30,19
T-shirt,Verão,45.41,10,1,0.56,86,107
Sweater,Inverno,89.48,20,0,0.54,88,77
Vestido,Verão,138.09,20,1,0.35,83,109
Sweater,Outono,56.1,0,0,0.48,49,59
T-shirt,Outono,70.55,10,0,0.43,55,35
Saia,Verão,101.34,0,0,0.64,68,70
Sweater,Primavera,96.12,10,0,0.61,27,17
T-shirt,Primavera,147.21,50,1,0.27,70,96
Sweater,Primavera,74.39,20,0,0.21,10,23
Saia,Inverno,131.7,0,1,0.32,9,6
Saia,Outono,93.98,10,0,0.63,25,17
Vestido,Outono,77.77,0,1,0.33,21,30
Vestido,Inverno,105.32,20,1,0.29,9,24
Calças,Outono,94.9,20,0,0.56,53,54
Vestido,Outono,43.86,0,0,0.27,33,24
Vestido,Outono,66.88,0,0,0.53,33,40
Sweater,Outono,90.66,10,0,0.58,52,49
Vestido,Verão,70.14,50,0,0.51,89,126
Calças,Inverno,60.44,0,0,0.51,62,36
T-shirt,Inverno,95.91,0,1,0.25,26,14
Calças,Outono,118.11,0,1,0.59,60,54
Vestido,Inverno,21.33,0,0,0.27,1,21
Calças,Outono,92.05,0,1,0.51,67,68
Calças,Verão,123.7,10,0,0.41,38,42
Vestido,Primavera,98.03,20,0,0.35,91,85
Casaco,Verão,107.8,30,0,0.52,12,7
T-shirt,Outono,119.61,20,0,0.62,27,35
Calças,Primavera,37.12,10,0,0.33,59,45
Calças,Outono,25.05,0,0,0.54,50,54
Saia,Verão,116.49,0,0,0.62,86,63
Casaco,Primavera,149.18,10,0,0.42,20,20
Saia,Primavera,101.68,0,1,0.39,44,60
T-shirt,Verão,123.11,50,1,0.44,89,122
Sweater,Inverno,133.99,20,0,0.54,48,67
Casaco,Outono,62.49,10,0,0.63,57,57
Calças,Inverno,55.54,10,0,0.39,60,54
Sweater,Verão,35.43,10,1,0.51,6,4
T-shirt,Inverno,147.76,0,0,0.37,22,6
Calças,Verão,106.11,10,0,0.59,44,29
Casaco,Outono,65.79,0,0,0.58,32,47
Casaco,Primavera,48.27,0,0,0.49,26,11
Vestido,Primavera,83.05,10,0,0.52,77,67
Sweater,Primavera,76.11,10,1,0.53,15,23
Saia,Verão,73.97,50,0,0.53,72,92
Calças,Verão,133.39,0,0,0.64,48,24
Sweater,Inverno,78.6,0,0,0.5,82,69
T-shirt,Outono,136.2,10,0,0.27,42,39
Saia,Inverno,121.29,0,0,0.34,20,2
Saia,Verão,91.2,10,0,0.44,62,61
Vestido,Verão,89.79,0,1,0.23,104,88
Sweater,Outono,135.29,50,0,0.33,41,77
T-shirt,Primavera,15.49,20,0,0.53,69,61
Calças,Primavera,82.34,0,1,0.65,59,62
Calças,Outono,19.6,10,0,0.31,65,53
Calças,Inverno,74.75,50,0,0.44,37,68
T-shirt,Verão,105.51,20,0,0.32,106,95
Saia,Outono,108.17,30,0,0.31,9,20
Sweater,Verão,46.66,10,1,0.51,16,17
Casaco,Inverno,55.47,20,1,0.4,54,109
Vestido,Inverno,122.7,10,0,0.61,1,11
Casaco,Outono,72.86,0,0,0.41,50,63
Sweater,Primavera,81.09,30,0,0.51,22,29
T-shirt,Primavera,96.94,20,0,0.53,56,51
Saia,Verão,23.08,20,0,0.29,78,86
Saia,Outono,134.26,0,1,0.29,38,32
Calças,Verão,50.67,10,0,0.55,39,36
Vestido,Outono,46.79,0,0,0.22,45,21
Saia,Primavera,128.55,10,0,0.3,51,37
T-shirt,Verão,106.16,10,1,0.65,97,105
Calças,Verão,109.2,20,0,0.49,31,42
Vestido,Inverno,26.83,10,1,0.65,12,15
T-shirt,Primavera,92.87,10,0,0.53,63,52
Calças,Outono,138.06,0,0,0.3,49,40
Saia,Outono,96.09,0,0,0.44,31,18
Saia,Verão,60.49,10,1,0.39,51,90
Calças,Inverno,44.82,20,0,0.65,43,56
Calças,Primavera,41.66,30,0,0.35,40,59
Vestido,Primavera,44.98,0,1,0.55,70,75
Casaco,Verão,105.14,0,0,0.32,5,1
T-shirt,Primavera,71.36,0,0,0.58,55,45
Vestido,Verão,20.08,10,0,0.24,84,94
Casaco,Primavera,40.06,30,1,0.25,6,40
Casaco,Verão,143.22,10,1,0.5,9,22
T-shirt,Verão,50.54,10,0,0.64,110,84
Vestido,Outono,28.17,0,0,0.29,20,18
T-shirt,Inverno,149.63,20,0,0.52,20,20
Casaco,Primavera,58.08,0,0,0.55,14,19
Casaco,Verão,125.98,10,1,0.57,5,7
Vestido,Verão,121.86,50,1,0.41,85,115
Calças,Primavera,14.09,10,1,0.25,56,64
T-shirt,Outono,79.92,20,0,0.47,56,52
Vestido,Inverno,142.87,0,0,0.24,25,11
Calças,Primavera,99.78,0,1,0.3,44,51
Vestido,Primavera,58.6,0,1,0.59,67,76
Vestido,Inverno,120.81,20,0,0.26,33,21
Saia,Verão,100.14,20,0,0.28,57,67
Saia,Inverno,61.34,0,0,0.52,1,2
Casaco,Primavera,108.95,30,0,0.52,6,19
Calças,Primavera,94.21,0,0,0.38,43,42
Saia,Inverno,60.42,0,1,0.22,17,12
Saia,Inverno,109.13,0,1,0.36,6,11
Calças,Inverno,113.71,20,1,0.34,60,60
Casaco,Inverno,55.95,10,0,0.64,84,83
Vestido,Primavera,76.38,0,0,0.54,86,50
Calças,Primavera,26.03,0,0,0.22,41,42
Saia,Verão,105.04,0,0,0.46,43,56
Calças,Inverno,78.2,0,0,0.39,45,43
Saia,Inverno,140.95,10,0,0.26,1,10
T-shirt,Outono,61.81,20,0,0.41,54,42
Casaco,Verão,67.47,10,1,0.5,11,2
Calças,Outono,55.17,50,0,0.61,55,65
Sweater,Primavera,25.6,10,0,0.54,15,20
Saia,Outono,132.25,10,0,0.45,33,18
T-shirt,Verão,85.68,0,0,0.63,79,79
Calças,Verão,75.42,30,0,0.59,42,45
Calças,Inverno,78.02,10,0,0.31,42,45
Casaco,Outono,145.63,20,0,0.64,63,49
T-shirt,Outono,110.38,0,0,0.27,56,44
Calças,Inverno,50.99,10,0,0.27,53,50
Vestido,Outono,102.42,10,0,0.38,33,42
Casaco,Primavera,143.8,10,1,0.44,21,18
Casaco,Inverno,118.48,10,0,0.38,66,72
Calças,Outono,31.65,0,0,0.28,47,49
T-shirt,Primavera,101.85,10,1,0.28,58,75
Saia,Outono,64.65,10,0,0.58,1,18
Calças,Primavera,134.25,50,0,0.38,64,56
Sweater,Verão,100.55,0,1,0.63,14,10
Casaco,Inverno,140.92,10,1,0.49,81,92
Calças,Inverno,130.76,0,0,0.42,64,44
Saia,Outono,102.07,50,1,0.23,16,44
Saia,Primavera,78.58,10,0,0.23,57,59
Vestido,Outono,17.21,10,0,0.29,51,34
Calças,Verão,68.36,20,0,0.35,32,42
Calças,Primavera,146.45,20,1,0.46,57,59
Saia,Verão,74.25,0,0,0.3,71,66
Calças,Inverno,106.87,0,0,0.61,34,37
T-shirt,Primavera,18.09,0,1,0.41,57,74
Saia,Verão,146.4,0,0,0.44,90,54
Vestido,Inverno,127.65,30,1,0.61,22,27
Saia,Inverno,21.16,10,0,0.37,29,26
Casaco,Inverno,123.4,20,1,0.39,82,100
Calças,Primavera,134.62,0,1,0.54,42,59
Calças,Inverno,90.01,10,0,0.44,56,49
Calças,Outono,51.31,30,0,0.35,74,74
Sweater,Verão,131.76,20,0,0.63,23,2
Calças,Verão,147.56,10,1,0.34,34,42
Calças,Outono,48.23,0,0,0.25,58,50
Vestido,Outono,121.54,10,0,0.38,33,29
Vestido,Primavera,74.24,20,1,0.31,72,95
Saia,Primavera,11.78,0,0,0.46,58,52
Sweater,Primavera,68.0,0,0,0.31,17,24
Sweater,Verão,58.73,10,0,0.32,11,4
Sweater,Primavera,97.5,20,0,0.21,21,27
Sweater,Primavera,38.71,10,0,0.56,25,31
Casaco,Outono,34.88,10,0,0.49,53,51
T-shirt,Outono,86.28,50,0,0.64,35,45
T-shirt,Outono,73.41,0,0,0.64,40,36
Calças,Outono,50.07,30,0,0.41,65,65
Saia,Primavera,62.83,20,0,0.38,50,60
Saia,Inverno,122.0,10,1,0.32,2,16
Casaco,Verão,112.03,10,0,0.48,20,11
Saia,Inverno,115.22,20,1,0.43,21,9
Casaco,Inverno,57.38,10,1,0.23,99,97
T-shirt,Verão,29.35,30,0,0.26,101,110
T-shirt,Outono,47.49,0,1,0.48,51,48
Sweater,Outono,69.98,0,0,0.34,58,50
Saia,Outono,10.57,0,0,0.39,23,31
Sweater,Verão,86.96,0,0,0.54,12,10
Vestido,Verão,76.97,20,1,0.37,106,97
T-shirt,Verão,141.35,20,0,0.3,71,99
Sweater,Inverno,76.13,10,0,0.61,54,73
Sweater,Outono,142.79,0,0,0.3,52,48
Sweater,Inverno,68.49,10,1,0.25,74,99
Calças,Outono,128.36,20,0,0.52,60,62
Casaco,Outono,53.36,0,0,0.42,77,35
T-shirt,Verão,91.17,0,0,0.3,95,101
Casaco,Primavera,112.78,20,0,0.23,10,29
Saia,Primavera,14.79,20,1,0.5,61,77
Calças,Outono,16.5,0,0,0.34,58,59
Vestido,Verão,21.18,20,1,0.34,85,112
Saia,Verão,56.16,10,0,0.41,83,67
Vestido,Outono,122.98,0,0,0.56,34,27
Vestido,Verão,61.99,30,1,0.4,76,124
Sweater,Outono,105.69,10,0,0.51,54,58
Casaco,Inverno,94.0,0,1,0.39,78,85
Vestido,Primavera,94.95,20,0,0.64,75,66
Sweater,Outono,21.97,20,0,0.2,56,65
Sweater,Outono,56.17,0,0,0.43,50,50
Calças,Verão,58.67,0,0,0.24,44,35
T-shirt,Inverno,119.39,0,0,0.46,12,10
T-shirt,Inverno,146.36,0,0,0.22,33,20
T-shirt,Primavera,137.05,30,1,0.41,62,102
Calças,Outono,112.78,20,0,0.4,63,65
T-shirt,Primavera,41.5,0,0,0.3,61,58
Calças,Primavera,48.53,20,0,0.64,60,49
Sweater,Inverno,37.19,0,0,0.48,63,64
Saia,Outono,37.37,50,0,0.61,13,26
Calças,Inverno,105.97,10,0,0.61,73,42
Saia,Primavera,70.39,20,0,0.55,32,62
Casaco,Primavera,122.17,0,0,0.29,29,11
Sweater,Inverno,55.57,10,0,0.5,77,69
Calças,Verão,46.09,0,1,0.52,37,44
Saia,Verão,149.59,0,0,0.51,89,52
Vestido,Primavera,81.92,0,0,0.33,68,56
T-shirt,Primavera,114.99,20,1,0.24,64,72
T-shirt,Outono,80.4,50,0,0.41,26,51
Calças,Primavera,31.7,10,0,0.49,63,56
T-shirt,Inverno,26.28,10,0,0.35,16,22
Saia,Primavera,117.67,20,0,0.62,53,43
Saia,Outono,62.0,20,0,0.45,20,17
Sweater,Outono,135.79,0,0,0.32,56,48
Saia,Outono,124.98,0,0,0.55,10,18
Saia,Outono,77.6,30,0,0.62,15,26
Vestido,Inverno,27.63,0,1,0.53,27,18
Saia,Outono,51.75,50,0,0.6,32,33
Vestido,Verão,111.53,0,0,0.3,79,82
T-shirt,Verão,147.0,20,0,0.44,72,86
Vestido,Primavera,111.6,10,1,0.56,78,75
Vestido,Inverno,67.46,10,1,0.57,7,21
T-shirt,Outono,16.79,20,1,0.49,37,64
Calças,Outono,59.56,0,0,0.52,55,48
Vestido,Verão,131.68,30,1,0.63,118,119
Vestido,Inverno,132.42,20,0,0.6,4,15
Calças,Verão,140.34,20,1,0.34,39,49
Sweater,Primavera,105.78,0,0,0.29,21,19
Calças,Outono,144.65,20,0,0.63,48,38
Vestido,Inverno,42.62,0,0,0.44,30,8
Vestido,Verão,133.6,10,0,0.29,91,82
Vestido,Inverno,77.71,0,1,0.61,16,28
Saia,Inverno,129.16,0,0,0.21,9,13
Vestido,Primavera,78.11,20,0,0.2,82,68
Calças,Primavera,16.61,0,1,0.34,35,64
Sweater,Outono,133.83,0,0,0.34,49,48
Sweater,Outono,88.32,0,0,0.64,44,51
Sweater,Inverno,49.67,0,0,0.59,91,65
Calças,Outono,22.97,20,0,0.39,53,58
Calças,Verão,18.39,20,0,0.34,37,50
Sweater,Primavera,103.52,0,0,0.48,22,25
Sweater,Verão,134.5,0,1,0.54,14,9
Casaco,Outono,121.88,0,0,0.64,65,34
Sweater,Primavera,128.23,20,1,0.3,33,33
Saia,Primavera,16.28,20,1,0.52,48,78
T-shirt,Outono,75.29,10,1,0.55,50,56
Sweater,Primavera,48.01,0,0,0.4,20,21
Vestido,Primavera,142.36,50,1,0.38,53,109
Vestido,Primavera,84.75,20,0,0.43,80,79
Sweater,Primavera,36.53,30,1,0.3,19,34
Vestido,Verão,49.41,0,0,0.47,51,68
Vestido,Inverno,27.59,0,0,0.56,23,9
Casaco,Inverno,32.39,10,0,0.21,95,93
Calças,Outono,57.87,10,0,0.52,58,50
Saia,Verão,61.9,30,1,0.28,98,99
Saia,Inverno,80.72,0,1,0.3,16,9
Saia,Outono,40.81,30,0,0.64,23,25
Sweater,Primavera,123.21,0,0,0.51,27,15
Vestido,Inverno,114.35,10,0,0.26,21,15
Sweater,Inverno,59.64,50,1,0.49,63,119
Casaco,Inverno,13.44,10,1,0.31,99,99
Sweater,Inverno,35.86,10,1,0.37,75,99
Casaco,Outono,98.29,0,1,0.36,66,58
Sweater,Outono,121.35,10,0,0.62,37,55
Vestido,Inverno,15.87,0,0,0.58,24,16
Casaco,Outono,108.1,30,0,0.36,67,60
Vestido,Inverno,120.92,10,1,0.47,17,16
Vestido,Primavera,18.8,0,0,0.41,55,59
Casaco,Inverno,118.87,10,0,0.49,60,65
T-shirt,Primavera,135.28,10,0,0.43,61,57
Vestido,Primavera,84.42,10,0,0.46,58,63
Vestido,Primavera,18.65,20,0,0.61,57,68
Vestido,Verão,141.24,0,0,0.62,77,61
T-shirt,Primavera,123.48,0,0,0.37,73,45
Sweater,Verão,128.17,20,0,0.48,3,6
Saia,Verão,96.3,10,0,0.65,70,63
Sweater,Primavera,117.7,0,1,0.54,25,33
Sweater,Inverno,25.75,0,1,0.58,74,87
Calças,Outono,57.82,50,1,0.32,43,75
Casaco,Inverno,118.97,30,0,0.47,74,80
Calças,Primavera,103.48,10,1,0.26,61,68
T-shirt,Inverno,111.38,10,1,0.4,4,24
T-shirt,Inverno,12.44,0,1,0.44,1,20
Calças,Primavera,66.66,30,0,0.51,55,57
Calças,Verão,27.56,20,0,0.43,40,44
T-shirt,Primavera,43.71,0,1,0.51,65,70
Sweater,Primavera,56.68,20,1,0.23,24,32
Vestido,Primavera,42.63,0,0,0.39,75,67
Saia,Outono,59.36,50,0,0.2,34,41
Sweater,Verão,34.52,30,1,0.46,16,12
Vestido,Primavera,32.75,0,0,0.53,62,76
Vestido,Outono,147.69,20,1,0.43,48,43
Vestido,Verão,46.28,0,1,0.23,75,88
T-shirt,Primavera,41.8,0,0,0.45,74,56
T-shirt,Inverno,15.6,20,0,0.4,12,29
Vestido,Verão,58.0,0,0,0.51,54,65
Calças,Inverno,18.54,0,0,0.43,36,51
Sweater,Primavera,119.57,10,1,0.36,32,32
T-shirt,Outono,22.36,20,0,0.57,27,43
Sweater,Outono,145.67,0,0,0.24,76,55
Sweater,Inverno,60.08,0,0,0.43,78,66
Vestido,Primavera,37.61,0,0,0.55,57,65
Vestido,Verão,50.6,0,1,0.47,56,86
Saia,Verão,95.04,0,0,0.42,83,63
T-shirt,Primavera,62.19,30,0,0.46,59,80
Saia,Inverno,96.48,30,1,0.41,4,12
Calças,Outono,13.19,10,0,0.43,58,49
Saia,Inverno,47.31,0,0,0.57,10,9
Calças,Primavera,100.8,20,0,0.28,58,47
Vestido,Inverno,138.99,30,1,0.37,3,32
Calças,Primavera,121.28,10,1,0.58,69,61
Casaco,Primavera,15.83,0,0,0.28,16,26
Calças,Outono,67.37,10,0,0.32,67,64
T-shirt,Inverno,46.26,10,0,0.52,12,25
Calças,Primavera,95.11,10,0,0.25,45,47
Vestido,Verão,37.54,0,0,0.61,98,84
Casaco,Inverno,112.15,0,0,0.36,76,81
T-shirt,Outono,137.19,10,0,0.62,27,40
Vestido,Inverno,140.3,10,0,0.21,6,20
Sweater,Outono,119.82,0,1,0.32,36,62
T-shirt,Outono,105.53,0,1,0.31,23,44
Casaco,Inverno,10.06,20,0,0.58,63,95
Saia,Primavera,70.14,20,0,0.45,55,56
T-shirt,Verão,82.24,0,0,0.63,73,81
Saia,Primavera,61.54,0,0,0.63,76,56
T-shirt,Outono,115.81,30,0,0.48,47,44
Saia,Verão,39.15,10,0,0.42,92,75
Casaco,Verão,142.48,20,1,0.6,3,10
Vestido,Verão,87.85,10,1,0.61,78,96
Vestido,Inverno,59.84,30,0,0.46,22,17
Sweater,Outono,21.37,30,0,0.5,48,69
Vestido,Inverno,30.09,10,1,0.36,20,12
Sweater,Verão,54.66,10,1,0.63,15,6
Saia,Inverno,142.02,0,0,0.5,5,8
T-shirt,Inverno,104.67,0,0,0.63,21,14
Calças,Primavera,134.86,20,0,0.62,50,46
Vestido,Outono,63.13,20,0,0.53,29,32
T-shirt,Inverno,80.83,0,0,0.32,19,18
Casaco,Inverno,42.11,0,0,0.58,81,78
Saia,Primavera,32.64,0,1,0.61,51,74
Sweater,Inverno,103.46,0,1,0.4,72,79
T-shirt,Outono,123.4,10,1,0.41,45,56
Saia,Inverno,27.12,10,1,0.43,2,14
Saia,Verão,108.97,50,0,0.38,50,76
T-shirt,Inverno,42.28,0,1,0.63,10,26
Vestido,Inverno,104.21,20,0,0.47,5,6
Sweater,Inverno,108.91,0,0,0.28,52,68
Calças,Primavera,60.4,10,0,0.63,41,50
Sweater,Verão,87.36,0,0,0.33,11,4
Saia,Inverno,49.23,10,0,0.31,1,12
Calças,Primavera,115.2,20,1,0.28,49,61
Vestido,Primavera,35.58,10,0,0.27,74,79
Vestido,Outono,113.71,20,0,0.62,30,22
Saia,Inverno,108.79,0,0,0.23,1,2
T-shirt,Outono,109.84,10,1,0.39,53,46
Saia,Outono,52.18,20,0,0.35,19,26
Vestido,Primavera,24.07,10,0,0.3,58,84
T-shirt,Inverno,42.2,20,1,0.56,21,24
Casaco,Inverno,124.44,20,0,0.62,100,84
Sweater,Primavera,64.67,30,0,0.39,28,19
Casaco,Verão,45.82,20,1,0.46,12,14
Calças,Verão,99.56,50,1,0.51,52,58
Casaco,Verão,60.46,10,0,0.34,5,3
Saia,Outono,38.16,10,1,0.31,27,36
Vestido,Outono,103.68,0,0,0.5,21,31
Vestido,Verão,130.11,20,0,0.47,92,90
Casaco,Primavera,10.1,0,0,0.6,18,8
Vestido,Inverno,80.06,20,1,0.36,19,20
T-shirt,Outono,149.02,30,0,0.42,44,37
Sweater,Outono,99.98,10,0,0.47,59,50
Calças,Inverno,134.46,0,0,0.46,53,38
Calças,Inverno,25.94,10,0,0.51,57,46
T-shirt,Inverno,98.56,0,0,0.21,5,18
Casaco,Outono,55.42,0,0,0.33,40,59
T-shirt,Inverno,17.38,30,1,0.26,21,30
Calças,Outono,77.99,0,0,0.33,57,55
T-shirt,Primavera,133.96,0,0,0.53,70,43
Saia,Primavera,16.1,10,0,0.36,33,53
Saia,Verão,30.02,30,0,0.32,63,68
T-shirt,Outono,72.53,0,1,0.48,44,42
Sweater,Outono,56.17,10,0,0.4,59,67
T-shirt,Outono,39.48,0,0,0.25,36,33
Sweater,Verão,24.11,20,0,0.5,7,9
Sweater,Inverno,96.13,20,0,0.5,55,74
Vestido,Inverno,95.27,10,0,0.53,18,20
T-shirt,Primavera,115.43,0,0,0.42,43,37
Vestido,Verão,27.68,10,1,0.58,64,99
Saia,Inverno,14.04,10,0,0.53,11,4
Casaco,Verão,85.96,50,1,0.61,4,2
Saia,Outono,104.13,0,0,0.45,29,29
Vestido,Inverno,133.55,20,1,0.65,8,14
Sweater,Verão,51.56,50,1,0.28,5,1
Casaco,Primavera,14.36,20,0,0.56,9,17
Sweater,Verão,50.24,0,0,0.49,8,6
Saia,Primavera,84.47,50,0,0.36,55,71
Sweater,Outono,12.29,20,0,0.51,61,66
Vestido,Primavera,105.14,10,1,0.56,74,87
Sweater,Outono,48.61,30,0,0.31,46,64
Saia,Outono,35.39,0,0,0.41,22,33
Vestido,Inverno,144.74,0,0,0.47,26,21
Vestido,Inverno,25.79,20,0,0.2,1,8
Vestido,Outono,42.55,10,1,0.6,35,23
Casaco,Outono,11.4,0,1,0.38,52,71
Saia,Inverno,40.45,10,1,0.22,26,7
T-shirt,Outono,107.37,0,0,0.63,27,33
Calças,Outono,125.15,0,1,0.42,43,64
Sweater,Outono,96.77,0,1,0.35,47,69
Sweater,Inverno,68.39,50,0,0.47,93,100
T-shirt,Verão,48.08,30,0,0.52,76,110
Saia,Inverno,79.23,20,0,0.49,16,5
Casaco,Primavera,48.76,10,0,0.62,10,16
Sweater,Primavera,72.68,20,0,0.58,34,27
Calças,Inverno,13.25,50,0,0.31,58,71
T-shirt,Primavera,71.59,10,0,0.61,66,54
Vestido,Primavera,122.4,10,1,0.3,61,87
Sweater,Verão,22.16,30,1,0.6,6,13
Saia,Verão,65.56,10,0,0.31,61,78
Casaco,Outono,11.89,30,0,0.59,38,56
Sweater,Verão,128.69,0,0,0.26,11,16
Vestido,Primavera,31.88,0,0,0.65,92,84
Vestido,Inverno,86.64,10,1,0.31,4,19
Vestido,Verão,69.3,10,1,0.3,82,97
Saia,Primavera,77.49,0,0,0.44,34,32
Casaco,Outono,128.9,20,1,0.53,65,63
Casaco,Primavera,34.52,0,0,0.32,28,20
Casaco,Outono,133.7,10,0,0.23,67,52
Casaco,Verão,142.83,10,1,0.33,15,12
Casaco,Verão,121.42,10,0,0.29,3,2
T-shirt,Outono,19.32,20,0,0.39,44,40
Casaco,Primavera,107.87,20,1,0.23,1,22
T-shirt,Inverno,109.5,10,1,0.23,26,19
Sweater,Inverno,70.68,50,0,0.58,99,98
Calças,Verão,53.25,0,0,0.3,41,44
Saia,Verão,119.09,10,0,0.25,64,66
T-shirt,Inverno,38.01,10,0,0.59,23,16
Calças,Verão,108.72,10,0,0.63,19,36
Calças,Outono,96.39,30,0,0.64,46,57
Vestido,Verão,113.54,0,0,0.62,83,73
Vestido,Inverno,17.64,20,1,0.25,14,32
Saia,Outono,77.35,20,0,0.62,17,16
Sweater,Verão,104.95,0,0,0.48,7,10
